Country Name,Country Code,Indicator Name,Indicator Code,1960,1961,1962,1963,1964,1965,1966,1967,1968,1969,1970,1971,1972,1973,1974,1975,1976,1977,1978,1979,1980,1981,1982,1983,1984,1985,1986,1987,1988,1989,1990,1991,1992,1993,1994,1995,1996,1997,1998,1999,2000,2001,2002,2003,2004,2005,2006,2007,2008,2009,2010,2011,2012,2013,2014,2015,2016,2017,2018,2019,2020,2021,2022
World,WLD,"Literacy rate, adult total (% of people ages 15 and above)",SE.ADT.LITR.ZS,,,,,,,,,,,,,,,,,65.58654785,65.87832642,66.5010376,67.15500641,67.58338165,68.29190826,68.8494873,69.55039978,70.20851898,70.80339813,71.35791779,72.04868317,73.77015686,74.30384064,74.6057663,75.19876099,75.64575195,76.38834374561036,77.13822534349897,77.89546830548166,78.66014489587512,79.43232808839343,80.21209157311175,80.99950976349882,81.7946578035182,82.59761157479932,83.40844770387893,84.22724356951373,85.05407731006453,85.88902783095311,86.73217481219237,87.58359871599,88.44338079442728,89.31160309721297,90.18834847951328,91.07370060985896,91.96774397812975,92.87056390361734,93.7822465431675,94.70287889940205,95.63254882902162,96.57134505118988,97.51935715600008,98.47667561302468,99.44339177994904,100.41959791128956,101.40538716719786
Afghanistan,AFG,"Literacy rate, adult total (% of people ages 15 and above)",SE.ADT.LITR.ZS,,,,,,,,,,,,,,,,,,,,18.15768051,,,,,,,,,,,,,,,,,,,,,,,,,,,,,,,,,,,,,,,,,,,
Albania,ALB,"Literacy rate, adult total (% of people ages 15 and above)",SE.ADT.LITR.ZS,,,,,,,,,,,,,,,,,,,,,,,,,,,,,,,,,,,,,,,,,,,,,,,,,,,,,,,,,,,,,,,
Algeria,DZA,"Literacy rate, adult total (% of people ages 15 and above)",SE.ADT.LITR.ZS,,,,,,,,,,,,,,,,,,,,,,,,,,,,49.63087845,,,,,,,,,,,,,,,,,,,,,,,,,,,,,,,,,,,
American Samoa,ASM,"Literacy rate, adult total (% of people ages 15 and above)",SE.ADT.LITR.ZS,,,,,,,,,,,,,,,,,,,,,97.34416199,,,,,,,,,,,,,,,,,,,,,,,,,,,,,,,,,,,,,,,,,,
Andorra,AND,"Literacy rate, adult total (% of people ages 15 and above)",SE.ADT.LITR.ZS,,,,,,,,,,,,,,,,,,,,,,,,,,,,,,,,,,,,,,,,,,,,,,,,,,,,,,,,,,,,,,,
Angola,AGO,"Literacy rate, adult total (% of people ages 15 and above)",SE.ADT.LITR.ZS,,,,,,,,,,,,,,,,,,,,,,,,,,,,,,,,,,,,,,,,,,,,,,,,,,,,,,,,,,,,,,,
Antigua and Barbuda,ATG,"Literacy rate, adult total (% of people ages 15 and above)",SE.ADT.LITR.ZS,,,,,,,,,,,,,,,,,,,,,,,,,,,,,,,,,,,,,,,,,,,,,,,,,,,,,,,,,,,,,,,
Argentina,ARG,"Literacy rate, adult total (% of people ages 15 and above)",SE.ADT.LITR.ZS,,,,,,,,,,,,,,,,,,,,,93.91285706,94.10629897090908,94.29974088181818,94.49318279272728,94.68662470363635,94.88006661454546,95.07350852545454,95.26695043636364,95.46039234727272,95.65383425818182,95.84727616909092,96.04071808,96.2353375672381,96.43035143662549,96.62576048734867,96.82156552021374,97.01776733764953,97.21436674371095,97.41136454408223,97.60876154608029,97.80655855865803,98.0047563924076,98.2033558595638,98.40235777400733,98.60176295126813,98.80157220852882,99.00178636462796,99.20240624006341,99.40343265699572,99.60486643925147,99.80670841232666,100.00895940339016,100.21162024128698,100.41469175654173,100.618174781362,100.82207014964186,101.02637869696512,101.2311012606089,101.43623867954695,101.64179179445318,101.84776144770505,102.05414848338705,102.26095374729412
Armenia,ARM,"Literacy rate, adult total (% of people ages 15 and above)",SE.ADT.LITR.ZS,,,,,,,,,,,,,,,,,,,,,,,,,,,,,,98.75196075,,,,,,,,,,,,,,,,,,,,,,,,,,,,,,,,,
Aruba,ABW,"Literacy rate, adult total (% of people ages 15 and above)",SE.ADT.LITR.ZS,,,,,,,,,,,,,,,,,,,,,,,,,,,,,,,,,,,,,,,,,,,,,,,,,,,,,,,,,,,,,,,
Australia,AUS,"Literacy rate, adult total (% of people ages 15 and above)",SE.ADT.LITR.ZS,,,,,,,,,,,,,,,,,,,,,,,,,,,,,,,,,,,,,,,,,,,,,,,,,,,,,,,,,,,,,,,
Austria,AUT,"Literacy rate, adult total (% of people ages 15 and above)",SE.ADT.LITR.ZS,,,,,,,,,,,,,,,,,,,,,,,,,,,,,,,,,,,,,,,,,,,,,,,,,,,,,,,,,,,,,,,
Azerbaijan,AZE,"Literacy rate, adult total (% of people ages 15 and above)",SE.ADT.LITR.ZS,,,,,,,,,,,,,,,,,,,,,,,,,,,,,,,,,,,,,,,,,,,,,,,,,,,,,,,,,,,,,,,
"Bahamas, The",BHS,"Literacy rate, adult total (% of people ages 15 and above)",SE.ADT.LITR.ZS,,,,,,,,,,,,,,,,,,,,,,,,,,,,,,,,,,,,,,,,,,,,,,,,,,,,,,,,,,,,,,,
Bahrain,BHR,"Literacy rate, adult total (% of people ages 15 and above)",SE.ADT.LITR.ZS,,,,,,,,,,,,,,,,,,,,,,69.75350952,71.179541777,72.605574034,74.03160629099999,75.45763854799999,76.883670805,78.309703062,79.735735319,81.16176757599999,82.58779983299999,84.01383209,85.51733812602323,87.04775080758476,88.60555165425068,90.19123080282975,91.8052871615869,93.44822856721673,95.12057194462604,96.82284346957593,98.55557873423443,100.31932291569194,102.11463094749234,103.9420676942339,105.8022081292947,107.69563751573875,109.62295159045952,111.5847567516189,113.58167024944056,115.61432038041777,117.68334668499666,119.78940014879727,121.93314340743572,124.11525095501167,126.33640935632701,128.59731746290237,130.89868663285935,133.24124095473803,135.62571747531948,138.05286643152567,140.52345148646944,143.03824996972864,145.5980531219204
Bangladesh,BGD,"Literacy rate, adult total (% of people ages 15 and above)",SE.ADT.LITR.ZS,,,,,,,,,,,,,,,,,,,,,,29.22723007,29.836437224,30.445644378,31.054851532,31.664058686,32.27326584,32.882472994,33.491680148,34.100887302,34.710094456,35.31930161,35.96217845655861,36.61675685498835,37.28324979525288,37.96187414412854,38.65285071576954,39.356404343557564,40.07276395325915,40.8021626375147,41.54483773168334,42.30103089106823,43.07098816954763,43.85496009963706,44.65320177400884,45.465972928495454,46.29353802660359,47.13616634556668,47.99413206396356,48.8677143509322,49.757197457006974,50.662870806609625,51.58502909222358,52.52397237028245,53.48000615880387,54.45344153680049,55.44459524550041,56.45378979140995,57.481353551252504,58.52762087881731,59.592932213753194,60.67763419234249,61.78207976029126
Barbados,BRB,"Literacy rate, adult total (% of people ages 15 and above)",SE.ADT.LITR.ZS,,,,,,,,,,,99.26808167,99.291273503,99.314465336,99.337657169,99.360849002,99.384040835,99.407232668,99.430424501,99.453616334,99.476808167,99.5,99.52320806379099,99.54642154079026,99.56964043226046,99.59286473946443,99.61609446366545,99.63932960612698,99.6625701681128,99.68581615088704,99.70906755571401,99.73232438385847,99.75558663658533,99.77885431515992,99.80212742084774,99.82540595491466,99.84868991862686,99.87197931325075,99.8952741400531,99.91857440030094,99.94188009526162,99.96519122620275,99.98850779439223,100.01182980109836,100.03515724758958,100.05849013513473,100.08182846500294,100.10517223846358,100.12852145678637,100.15187612124132,100.17523623309869,100.19860179362908,100.2219728041034,100.24534926579283,100.26873117996881,100.29211854790313,100.31551137086788,100.33890965013543,100.36231338697841,100.38572258266984,100.40913723848293,100.43255735569127,100.45598293556868,100.47941397938934
Belarus,BLR,"Literacy rate, adult total (% of people ages 15 and above)",SE.ADT.LITR.ZS,,,,,,,,,,,,,,,,,,,,,,,,,,,,,,97.88336945,,,,,,,,,,,,,,,,,,,,,,,,,,,,,,,,,
Belgium,BEL,"Literacy rate, adult total (% of people ages 15 and above)",SE.ADT.LITR.ZS,,,,,,,,,,,,,,,,,,,,,,,,,,,,,,,,,,,,,,,,,,,,,,,,,,,,,,,,,,,,,,,
Belize,BLZ,"Literacy rate, adult total (% of people ages 15 and above)",SE.ADT.LITR.ZS,,,,,,,,,,,,,,,,,,,,,,,,,,,,,,,,70.29842377,,,,,,,,,,,,,,,,,,,,,,,,,,,,,,,
Benin,BEN,"Literacy rate, adult total (% of people ages 15 and above)",SE.ADT.LITR.ZS,,,,,,,,,,,,,,,,,,,,16.48273087,17.31061084846154,18.13849082692308,18.966370805384617,19.79425078384616,20.62213076230769,21.45001074076923,22.27789071923077,23.105770697692307,23.93365067615385,24.761530654615385,25.589410633076923,26.417290611538466,27.24517059,28.158133179024073,29.101688371100646,30.0768612984452,31.084711444585405,32.12633379544458,33.20286002899681,34.315459744786544,35.46534173464828,36.65375529600701,37.88199158918624,39.15138504019828,40.463314790540785,41.819206195574864,43.22053237311243,44.668815803895505,46.16562998570621,47.71260114290453,49.31140999325128,50.96379357393586,52.671547128792525,54.43652605875584,56.26064793767406,58.145894595670875,60.09431427231877,62.10802384196337,64.18921111361655,66.34013720791708,68.56313901374106,70.86063172713143,73.23511147530479
Bermuda,BMU,"Literacy rate, adult total (% of people ages 15 and above)",SE.ADT.LITR.ZS,,,,,,,,,,,,,,,,,,,,,,,,,,,,,,,,,,,,,,,,,,,,,,,,,,,,,,,,,,,,,,,
Bhutan,BTN,"Literacy rate, adult total (% of people ages 15 and above)",SE.ADT.LITR.ZS,,,,,,,,,,,,,,,,,,,,,,,,,,,,,,,,,,,,,,,,,,,,,,,,,,,,,,,,,,,,,,,
Bolivia,BOL,"Literacy rate, adult total (% of people ages 15 and above)",SE.ADT.LITR.ZS,,,,,,,,,,,,,,,,,63.20814896,64.2571251425,65.306101325,66.3550775075,67.40405369,68.4530298725,69.502006055,70.5509822375,71.59995842000001,72.64893460249999,73.697910785,74.7468869675,75.79586315,76.8448393325,77.893815515,78.9427916975,79.99176788,81.08410864001068,82.19136603916567,83.3137437740874,84.45144832301106,85.60468898376944,86.7736779122963,87.95863016165568,89.15976372160422,90.37729955869355,91.6114616569204,92.86247705893192,94.13057590779347,95.41599148932697,96.71896027502727,98.03972196556471,99.37851953488156,100.73559927489079,102.11121084078516,103.50560729696504,104.91904516359335,106.35178446378639,107.80408877144892,109.27622525976257,110.76846475033636,112.28108176302838,113.81435456644789,115.3685652291469,116.94399967151101,118.54094771835881,120.15970315225934
Bosnia and Herzegovina,BIH,"Literacy rate, adult total (% of people ages 15 and above)",SE.ADT.LITR.ZS,,,,,,,,,,,,,,,,,,,,,,,,,,,,,,,,89.063591,,,,,,,,,,,,,,,,,,,,,,,,,,,,,,,
Botswana,BWA,"Literacy rate, adult total (% of people ages 15 and above)",SE.ADT.LITR.ZS,,,,,,,,,,,,,,,,,,,,,,,,,,,,,,,,68.58090973,,,,,,,,,,,,,,,,,,,,,,,,,,,,,,,
Brazil,BRA,"Literacy rate, adult total (% of people ages 15 and above)",SE.ADT.LITR.ZS,,,,,,,,,,,,,,,,,,,,,74.58673096,,,,,,,,,,,,,,,,,,,,,,,,,,,,,,,,,,,,,,,,,,
British Virgin Islands,VGB,"Literacy rate, adult total (% of people ages 15 and above)",SE.ADT.LITR.ZS,,,,,,,,,,,,,,,,,,,,,,,,,,,,,,,,,,,,,,,,,,,,,,,,,,,,,,,,,,,,,,,
Brunei Darussalam,BRN,"Literacy rate, adult total (% of people ages 15 and above)",SE.ADT.LITR.ZS,,,,,,,,,,,,,,,,,,,,,,77.73549652,78.742364501,79.749232482,80.756100463,81.762968444,82.769836425,83.77670440600001,84.783572387,85.790440368,86.797308349,87.80417633,88.84721049262592,89.9026349572839,90.97059690955035,92.05124528343315,93.1447307821414,94.25120589910202,95.37082493922578,96.50374404042624,97.65012119539398,98.81011627362987,99.98389104373977,101.1716091959942,102.37343636515591,103.58954015357882,104.82009015458118,106.06525797609633,107.32521726460456,108.60014372934931,109.89021516684078,111.19561148565077,112.51651473150226,113.85310911265657,115.2055810256025,116.5741190810505,117.95891413023557,119.36015929153271,120.77804997738842,122.21278392157228,123.66456120675213,125.1335842923968,126.62005804301049
Bulgaria,BGR,"Literacy rate, adult total (% of people ages 15 and above)",SE.ADT.LITR.ZS,,,,,,,,,,,,,,,,,,,,,,,,,,,,,,,,,,,,,,,,,,,,,,,,,,,,,,,,,,,,,,,
Burkina Faso,BFA,"Literacy rate, adult total (% of people ages 15 and above)",SE.ADT.LITR.ZS,,,,,,,,,,,,,,,,8.830229759,9.1264172790625,9.422604799125,9.7187923191875,10.01497983925,10.3111673593125,10.607354879375,10.9035423994375,11.1997299195,11.4959174395625,11.792104959625,12.0882924796875,12.38447999975,12.6806675198125,12.976855039875002,13.2730425599375,13.56923008,13.886518587975885,14.211226234451157,14.543526500704491,14.88359692451709,15.231619195025639,15.587779249793204,15.952267374149953,16.325278302856706,16.707011324145743,17.09767038619434,17.497464206087994,17.90660638133152,18.325315503967616,18.75381527736384,19.192334635730422,19.641107866432748,20.10037473516388,20.570380614043952,21.051376612714943,21.543619712500806,22.04737290370465,22.562905326116372,23.090492412805716,23.63041603727768,24.182964664068837,24.748433502865026,25.327124666222797,25.919347330978812,26.525417903433496,27.145660188397187,27.780405562189017
Burundi,BDI,"Literacy rate, adult total (% of people ages 15 and above)",SE.ADT.LITR.ZS,,,,,,,,,,,,,,,,,,,,22.50855064,23.86092965909091,25.213308678181814,26.56568769727273,27.91806671636364,29.270445735454548,30.62282475454545,31.97520377363637,33.32758279272728,34.67996181181819,36.03234083090909,37.38471985,38.90675486143669,40.490756114303935,42.13924642512579,43.85485132124219,45.64030322244938,47.49844579288661,49.43223847009992,51.44476117849676,53.53921923469832,55.71894845260218,57.98742045628623,60.34824820921555,62.80519176855847,65.36216427377684,68.02323817902811,70.79265173930594,73.67481576064921,76.67432062517089,79.79594360209504,83.04465645644629,86.42563336751022,89.94425916967577,93.60613792878547,97.41710186765214,101.38322065495825,105.51081107233188,109.80644707499596,114.27697026201439,118.92950077281063,123.77144862731365,128.8105255277925,134.05475714117608
Cabo Verde,CPV,"Literacy rate, adult total (% of people ages 15 and above)",SE.ADT.LITR.ZS,,,,,,,,,,,,,,,,,,,,,,,,,,,,,,,62.79685974,,,,,,,,,,,,,,,,,,,,,,,,,,,,,,,,
Cambodia,KHM,"Literacy rate, adult total (% of people ages 15 and above)",SE.ADT.LITR.ZS,,,,,,,,,,,,,,,,,,,,,,,,,,,,,,,,,,,,,,,,,,,,,,,,,,,,,,,,,,,,,,,
Cameroon,CMR,"Literacy rate, adult total (% of people ages 15 and above)",SE.ADT.LITR.ZS,,,,,,,,,,,,,,,,,41.21620941,,,,,,,,,,,,,,,,,,,,,,,,,,,,,,,,,,,,,,,,,,,,,,
Canada,CAN,"Literacy rate, adult total (% of people ages 15 and above)",SE.ADT.LITR.ZS,,,,,,,,,,,,,,,,,,,,,,,,,,,,,,,,,,,,,,,,,,,,,,,,,,,,,,,,,,,,,,,
Cayman Islands,CYM,"Literacy rate, adult total (% of people ages 15 and above)",SE.ADT.LITR.ZS,,,,,,,,,,,,,,,,,,,,,,,,,,,,,,,,,,,,,,,,,,,,,,,,,,,,,,,,,,,,,,,
Central African Republic,CAF,"Literacy rate, adult total (% of people ages 15 and above)",SE.ADT.LITR.ZS,,,,,,,,,,,,,,,,18.23616982,19.419881385384617,20.603592950769237,21.78730451615385,22.971016081538465,24.15472764692308,25.33843921230769,26.522150777692307,27.705862343076923,28.88957390846154,30.073285473846155,31.256997039230768,32.44070860461538,33.62442017,34.952030227808756,36.332058987759694,37.76657612409046,39.257733029037695,40.80776603935031,42.41899979019682,44.09385070149665,45.83483060190409,47.64455049587984,49.52572447949971,51.48117381087324,53.51383114127669,55.626744913346,57.8230839329259,60.106142121431525,62.479343455850106,64.94624710379112,67.51055276128628,70.1761062013447,72.94690504158415,75.82710473958916,78.82102482498631,81.9331553775842,85.16816376129275,88.53090162392145,92.02641217335423,95.6599377410131,99.43692764395387,103.36304635738519,107.44418200986706,111.68645521392969,116.09622824535622,120.6801145848956,125.44498883671592
Chad,TCD,"Literacy rate, adult total (% of people ages 15 and above)",SE.ADT.LITR.ZS,,,,,,,,,,,,,,,,,,,,,,,,,,,,,,,,,,,,,,,,,,,,,,,,,,,,,,,,,,,,,,,
Channel Islands,CHI,"Literacy rate, adult total (% of people ages 15 and above)",SE.ADT.LITR.ZS,,,,,,,,,,,,,,,,,,,,,,,,,,,,,,,,,,,,,,,,,,,,,,,,,,,,,,,,,,,,,,,
Chile,CHL,"Literacy rate, adult total (% of people ages 15 and above)",SE.ADT.LITR.ZS,,,,,,,,,,,,,,,,,,,,,,,91.12840271,91.444676209,91.760949708,92.077223207,92.393496706,92.709770205,93.026043704,93.342317203,93.658590702,93.974864201,94.2911377,94.61063344121966,94.93121176062374,95.25287632641613,95.57563081923006,95.89947893217024,96.22442437085502,96.55047085345889,96.87762211075496,97.20588188615774,97.53525393576585,97.86574202840507,98.19734994567148,98.53008148197469,98.86394044458127,99.19893065365835,99.53505594231727,99.87232015665744,100.21072715581043,100.55028081198407,100.89098501050675,101.23284364987188,101.57586064178258,101.92003991119627,102.26538539636972,102.61190104890414,102.95959083379024,103.30845872945372,103.6585087278008,104.0097448342638,104.36217106784704
China,CHN,"Literacy rate, adult total (% of people ages 15 and above)",SE.ADT.LITR.ZS,,,,,,,,,,,,,,,,,,,,,,,65.50508881,67.04008484250001,68.575080875,70.1100769075,71.64507294,73.1800689725,74.715065005,76.25006103749999,77.78505707,79.41808337253003,81.08539357231754,82.78770742850502,84.52575981092143,86.30030101731731,88.11209709725993,89.96193018282825,91.85059882625063,93.77891834463087,95.74772117191146,97.75785721822604,99.81019423679601,101.90561819852995,104.04503367448729,106.22936422637154,108.45955280522152,110.73656215847276,113.06137524556482,115.43499566227379,117.85844807395348,120.33277865787186,122.85905555483409,125.43836933028702,128.07183344510398,130.7605847362535,133.5057839075589,136.3086160307614,139.17029105710205,142.0920443396443,145.07513716656203,148.12085730562353,151.2305195601065
Colombia,COL,"Literacy rate, adult total (% of people ages 15 and above)",SE.ADT.LITR.ZS,,,,,,,,,,,,,,,,,,,,,,,,,,,,,,,,,,,,,,,,,,,,,,,,,,,,,,,,,,,,,,,
Comoros,COM,"Literacy rate, adult total (% of people ages 15 and above)",SE.ADT.LITR.ZS,,,,,,,,,,,,,,,,,,,,,47.91923141,,,,,,,,,,,,,,,,,,,,,,,,,,,,,,,,,,,,,,,,,,
"Congo, Dem. Rep.",COD,"Literacy rate, adult total (% of people ages 15 and above)",SE.ADT.LITR.ZS,,,,,,,,,,,,,,,,,,,,,,,,,,,,,,,,,,,,,,,,,,,,,,,,,,,,,,,,,,,,,,,
"Congo, Rep.",COG,"Literacy rate, adult total (% of people ages 15 and above)",SE.ADT.LITR.ZS,,,,,,,,,,,,,,,,,,,,,,,,,59.61912155,,,,,,,,,,,,,,,,,,,,,,,,,,,,,,,,,,,,,,
Costa Rica,CRI,"Literacy rate, adult total (% of people ages 15 and above)",SE.ADT.LITR.ZS,,,,,,,,,,,,,,,,,,,,,,,,,92.62904358,,,,,,,,,,,,,,,,,,,,,,,,,,,,,,,,,,,,,,
Cote d'Ivoire,CIV,"Literacy rate, adult total (% of people ages 15 and above)",SE.ADT.LITR.ZS,,,,,,,,,,,,,,,,,,,,,,,,,,,,,34.13927841,,,,,,,,,,,,,,,,,,,,,,,,,,,,,,,,,,
Croatia,HRV,"Literacy rate, adult total (% of people ages 15 and above)",SE.ADT.LITR.ZS,,,,,,,,,,,,,,,,,,,,,,,,,,,,,,,,96.70155334,,,,,,,,,,,,,,,,,,,,,,,,,,,,,,,
Cuba,CUB,"Literacy rate, adult total (% of people ages 15 and above)",SE.ADT.LITR.ZS,,,,,,,,,,,,,,,,,,,,,,97.84664917,,,,,,,,,,,,,,,,,,,,,,,,,,,,,,,,,,,,,,,,,
Curacao,CUW,"Literacy rate, adult total (% of people ages 15 and above)",SE.ADT.LITR.ZS,,,,,,,,,,,,,,,,,,,,,,,,,,,,,,,,,,,,,,,,,,,,,,,,,,,,,,,,,,,,,,,
Cyprus,CYP,"Literacy rate, adult total (% of people ages 15 and above)",SE.ADT.LITR.ZS,,,,,,,,,,,,,,,,,,,,,,,,,,,,,,,,,94.36247253,,,,,,,,,,,,,,,,,,,,,,,,,,,,,,
Czechia,CZE,"Literacy rate, adult total (% of people ages 15 and above)",SE.ADT.LITR.ZS,,,,,,,,,,,,,,,,,,,,,,,,,,,,,,,,,,,,,,,,,,,,,,,,,,,,,,,,,,,,,,,
Denmark,DNK,"Literacy rate, adult total (% of people ages 15 and above)",SE.ADT.LITR.ZS,,,,,,,,,,,,,,,,,,,,,,,,,,,,,,,,,,,,,,,,,,,,,,,,,,,,,,,,,,,,,,,
Djibouti,DJI,"Literacy rate, adult total (% of people ages 15 and above)",SE.ADT.LITR.ZS,,,,,,,,,,,,,,,,,,,,,,,,,,,,,,,,,,,,,,,,,,,,,,,,,,,,,,,,,,,,,,,
Dominica,DMA,"Literacy rate, adult total (% of people ages 15 and above)",SE.ADT.LITR.ZS,,,,,,,,,,,,,,,,,,,,,,,,,,,,,,,,,,,,,,,,,,,,,,,,,,,,,,,,,,,,,,,
Dominican Republic,DOM,"Literacy rate, adult total (% of people ages 15 and above)",SE.ADT.LITR.ZS,,,,,,,,,,,,,,,,,,,,,,73.06456757,,,,,,,,,,,,,,,,,,,,,,,,,,,,,,,,,,,,,,,,,
Ecuador,ECU,"Literacy rate, adult total (% of people ages 15 and above)",SE.ADT.LITR.ZS,,,,,,,,,,,,,,,,,,,,,,,83.5526886,84.1459474575,84.73920631499999,85.3324651725,85.92572403,86.5189828875,87.112241745,87.7055006025,88.29875946,88.90427915285717,89.51395127209814,90.12780429350177,90.7458668881231,91.36816792363253,91.994736465664,92.62560177917274,93.26079332980198,93.90034078525926,94.54427401670215,95.19262310013328,95.84541831780533,96.50269015963516,97.16446932462813,97.83078672231176,98.5016734741795,99.1771609151443,99.85728059500221,100.54206427990583,101.23154395384819,101.92575182015644,102.62472030299608,103.32848204888532,104.03706992821994,104.75051703680853,105.46885669741827,106.1921224613314,106.92034810991218,107.6535676561848,108.39181534642198,109.13512566174447,109.88353331973161
"Egypt, Arab Rep.",EGY,"Literacy rate, adult total (% of people ages 15 and above)",SE.ADT.LITR.ZS,,,,,,,,,,,,,,,,,38.19675827,38.819481277,39.442204284,40.064927291,40.687650298,41.310373305,41.933096312,42.555819319,43.178542326,43.801265333,44.42398834,45.07432702082164,45.73418624258472,46.40370537989893,47.08302584772885,47.772291131263344,48.47164681622238,49.18124061960745,49.90122242090213,50.63174429372947,51.37296053797276,52.125027712366574,52.88810466756487,53.662352579693255,54.44793498439239,55.245017811359745,56.0537694193971,56.874360631971044,57.70696477329408,58.55175770493396,59.40891786295896,60.27862629562684,61.161066701625714,62.056425468874565,62.96489171389191,63.88665732174074,64.82191698655825,65.77086825267881,66.73371155635913,67.71065026811402,68.7018907356722,69.70764232756066,70.72811747732729,71.76353172841078,72.81410377966746,73.88005553156455,74.96161213304971
El Salvador,SLV,"Literacy rate, adult total (% of people ages 15 and above)",SE.ADT.LITR.ZS,,,,,,,,,,,,,,,,,,,,,,,,,,,,,,,,,74.14315796,,,,,,,,,,,,,,,,,,,,,,,,,,,,,,
Equatorial Guinea,GNQ,"Literacy rate, adult total (% of people ages 15 and above)",SE.ADT.LITR.ZS,,,,,,,,,,,,,,,,,,,,,,,,,,,,,,,,,,,,,,,,,,,,,,,,,,,,,,,,,,,,,,,
Eritrea,ERI,"Literacy rate, adult total (% of people ages 15 and above)",SE.ADT.LITR.ZS,,,,,,,,,,,,,,,,,,,,,,,,,,,,,,,,,,,,,,,,,,,,,,,,,,,,,,,,,,,,,,,
Estonia,EST,"Literacy rate, adult total (% of people ages 15 and above)",SE.ADT.LITR.ZS,,,,,,,,,,,,,,,,,,,,,,,,,,,,,,99.72644043,,,,,,,,,,,,,,,,,,,,,,,,,,,,,,,,,
Eswatini,SWZ,"Literacy rate, adult total (% of people ages 15 and above)",SE.ADT.LITR.ZS,,,,,,,,,,,,,,,,,55.32503891,56.516473007,57.707907104,58.899341201000006,60.090775298,61.282209395,62.473643492,63.665077589,64.856511686,66.047945783,67.23937988,68.49858622198109,69.78137399220431,71.08818480515284,72.41946854551935,73.77568352308404,75.15729663049298,76.56478350399135,77.9986286871667,79.45932579775862,80.9473776975924,82.46329666569497,84.0076045746529,85.58083307027302,87.18352375460765,88.8162283724073,90.47950900106522,92.17393824411903,93.90009942837605,95.65858680473026,97.45000575274013,99.27497298903737,101.13411677963884,103.02807715623442,104.95750613652511,106.92306794868784,108.92543926004359,110.96530941000789,113.04338064740396,115.16036837221985,117.31700138189326,119.51402212220833,121.75218694289127,124.03226635799243,126.35504531114466,128.7213234457892,131.13191538046212
Ethiopia,ETH,"Literacy rate, adult total (% of people ages 15 and above)",SE.ADT.LITR.ZS,,,,,,,,,,,,,,,,,,,,,,,,,,,,,,,,,,,,,,,,,,,,,,,,,,,,,,,,,,,,,,,
Faroe Islands,FRO,"Literacy rate, adult total (% of people ages 15 and above)",SE.ADT.LITR.ZS,,,,,,,,,,,,,,,,,,,,,,,,,,,,,,,,,,,,,,,,,,,,,,,,,,,,,,,,,,,,,,,
Fiji,FJI,"Literacy rate, adult total (% of people ages 15 and above)",SE.ADT.LITR.ZS,,,,,,,,,,,,,,,,,,,,,,,,,,,,,,,,,,,,,,,,,,,,,,,,,,,,,,,,,,,,,,,
Finland,FIN,"Literacy rate, adult total (% of people ages 15 and above)",SE.ADT.LITR.ZS,,,,,,,,,,,,,,,,,,,,,,,,,,,,,,,,,,,,,,,,,,,,,,,,,,,,,,,,,,,,,,,
France,FRA,"Literacy rate, adult total (% of people ages 15 and above)",SE.ADT.LITR.ZS,,,,,,,,,,,,,,,,,,,,,,,,,,,,,,,,,,,,,,,,,,,,,,,,,,,,,,,,,,,,,,,
French Polynesia,PYF,"Literacy rate, adult total (% of people ages 15 and above)",SE.ADT.LITR.ZS,,,,,,,,,,,,,,,,,,,,,,,,,,,,,,,,,,,,,,,,,,,,,,,,,,,,,,,,,,,,,,,
Gabon,GAB,"Literacy rate, adult total (% of people ages 15 and above)",SE.ADT.LITR.ZS,,,,,,,,,,,,,,,,,,,,,,,,,,,,,,,,,,,,,,,,,,,,,,,,,,,,,,,,,,,,,,,
"Gambia, The",GMB,"Literacy rate, adult total (% of people ages 15 and above)",SE.ADT.LITR.ZS,,,,,,,,,,,,,,,,,,,,,,,,,,,,,,,,,,,,,,,,,,,,,,,,,,,,,,,,,,,,,,,
Georgia,GEO,"Literacy rate, adult total (% of people ages 15 and above)",SE.ADT.LITR.ZS,,,,,,,,,,,,,,,,,,,,,,,,,,,,,,,,,,,,,,,,,,,,,,,,,,,,,,,,,,,,,,,
Germany,DEU,"Literacy rate, adult total (% of people ages 15 and above)",SE.ADT.LITR.ZS,,,,,,,,,,,,,,,,,,,,,,,,,,,,,,,,,,,,,,,,,,,,,,,,,,,,,,,,,,,,,,,
Ghana,GHA,"Literacy rate, adult total (% of people ages 15 and above)",SE.ADT.LITR.ZS,,,,,,,,,,,,,,,,,,,,,,,,,,,,,,,,,,,,,,,,,,,,,,,,,,,,,,,,,,,,,,,
Gibraltar,GIB,"Literacy rate, adult total (% of people ages 15 and above)",SE.ADT.LITR.ZS,,,,,,,,,,,,,,,,,,,,,,,,,,,,,,,,,,,,,,,,,,,,,,,,,,,,,,,,,,,,,,,
Greece,GRC,"Literacy rate, adult total (% of people ages 15 and above)",SE.ADT.LITR.ZS,,,,,,,,,,,,,,,,,,,,,,90.51232147,90.722134397,90.931947324,91.141760251,91.351573178,91.561386105,91.771199032,91.981011959,92.190824886,92.400637813,92.61045074,92.82170164423088,93.03343442652394,93.24565018607666,93.45835002459388,93.67153504629353,93.88520635791234,94.09936506871155,94.31401229048274,94.52914913755352,94.74477672679339,94.9608961776195,95.1775086120025,95.39461515447228,95.61221693212387,95.83031507462331,96.04891071421349,96.26800498572001,96.48759902655704,96.70769397673338,96.92829097885816,97.14939117814693,97.3709957224276,97.59310576214625,97.81572245037331,98.0388469428094,98.26248039779135,98.48662397629826,98.71127884195757,98.93644616105088,99.16212710252033,99.38832283797437
Greenland,GRL,"Literacy rate, adult total (% of people ages 15 and above)",SE.ADT.LITR.ZS,,,,,,,,,,,,,,,,,,,,,,,,,,,,,,,,,,,,,,,,,,,,,,,,,,,,,,,,,,,,,,,
Grenada,GRD,"Literacy rate, adult total (% of people ages 15 and above)",SE.ADT.LITR.ZS,,,,,,,,,,,97.79447174,97.855024719,97.915577698,97.976130677,98.036683656,98.097236635,98.157789614,98.218342593,98.278895572,98.339448551,98.40000153,98.46066655038628,98.52136897163274,98.58210881679753,98.64288610895309,98.70370087118597,98.76455312659702,98.82544289830135,98.88637020942828,98.94733508312142,99.0083375425386,99.06937761085202,99.13045531124806,99.19157066692743,99.25272370110521,99.3139144370107,99.37514289788757,99.43640910699378,99.49771308760172,99.55905486299801,99.6204344564837,99.6818518913742,99.74330719099926,99.80480037870304,99.8663314778441,99.9279005117954,99.98950750394425,100.05115247769247,100.11283545645625,100.1745564636662,100.23631552276747,100.29811265721955,100.35994789049649,100.4218212460867,100.48373274749316,100.54568241823334,100.60767028183916,100.6696963618571,100.73176068184812,100.79386326538767,100.85600413606583,100.91818331748718,100.9804008332708
Guam,GUM,"Literacy rate, adult total (% of people ages 15 and above)",SE.ADT.LITR.ZS,,,,,,,,,,,,,,,,,,,,,96.42064667,96.715496828,97.010346986,97.305197144,97.600047302,97.89489746,98.189747618,98.484597776,98.779447934,99.074298092,99.36914825,99.66665197107812,99.96504639581644,100.26433419091437,100.56451803105531,100.86560059893037,101.1675845852625,101.47047268883043,101.77426761649282,102.07897208321253,102.38458881208076,102.69112053434142,102.99856998941561,103.30693992492604,103.61623309672156,103.92645226890183,104.23760021384204,104.54967971221765,104.86269355302927,105.17664453362754,105.49153545973816,105.80736914548699,106.1241484134251,106.44187609455415,106.76055502835156,107.08018806279595,107.40077805439255,107.72232786819875,108.04484037784971,108.36831846558408,108.69276502226967,109.01818294742932,109.34457514926684
Guatemala,GTM,"Literacy rate, adult total (% of people ages 15 and above)",SE.ADT.LITR.ZS,,,,,,,,,,,,,,,,,,,,,,,,,,,,,,,,,,,,,,,,,,,,,,,,,,,,,,,,,,,,,,,
Guinea,GIN,"Literacy rate, adult total (% of people ages 15 and above)",SE.ADT.LITR.ZS,,,,,,,,,,,,,,,,,,,,,,,,,,,,,,,,,,,,,,,,,,,,,,,,,,,,,,,,,,,,,,,
Guinea-Bissau,GNB,"Literacy rate, adult total (% of people ages 15 and above)",SE.ADT.LITR.ZS,,,,,,,,,,,,,,,,,,,,19.95825005,,,,,,,,,,,,,,,,,,,,,,,,,,,,,,,,,,,,,,,,,,,
Guyana,GUY,"Literacy rate, adult total (% of people ages 15 and above)",SE.ADT.LITR.ZS,,,,,,,,,,,,,,,,,,,,,,,,,,,,,,,,,,,,,,,,,,,,,,,,,,,,,,,,,,,,,,,
Haiti,HTI,"Literacy rate, adult total (% of people ages 15 and above)",SE.ADT.LITR.ZS,,,,,,,,,,,,,,,,,,,,,,,34.73469162,,,,,,,,,,,,,,,,,,,,,,,,,,,,,,,,,,,,,,,,
Honduras,HND,"Literacy rate, adult total (% of people ages 15 and above)",SE.ADT.LITR.ZS,,,,,,,,,,,,,,,,,,,,,,,,,,,,,,,,,,,,,,,,,,,,,,,,,,,,,,,,,,,,,,,
"Hong Kong SAR, China",HKG,"Literacy rate, adult total (% of people ages 15 and above)",SE.ADT.LITR.ZS,,,,,,,,,,,,,,,,,,,,,,,,,,,,,,,,,,,,,,,,,,,,,,,,,,,,,,,,,,,,,,,
Hungary,HUN,"Literacy rate, adult total (% of people ages 15 and above)",SE.ADT.LITR.ZS,,,,,,,,,,,,,,,,,,,,,98.85829163,98.882462314,98.906632998,98.930803682,98.954974366,98.97914505,99.003315734,99.027486418,99.051657102,99.075827786,99.09999847,99.12418685566408,99.1483811452435,99.1725813401793,99.19678744191283,99.22099945188587,99.24521737154049,99.26944120231909,99.29367094566452,99.31790660301988,99.3421481758287,99.36639566553477,99.39064907358237,99.41490840141597,99.43917365048054,99.46344482222132,99.4877219180839,99.51200493951426,99.5362938879587,99.56058876486394,99.58488957167692,99.60919630984507,99.63350898081612,99.65782758603814,99.68215212695955,99.70648260502915,99.73081902169608,99.75516137840988,99.77950967662034,99.80386391777769,99.82822410333246,99.85259023473562,99.8769623134384
Iceland,ISL,"Literacy rate, adult total (% of people ages 15 and above)",SE.ADT.LITR.ZS,,,,,,,,,,,,,,,,,,,,,,,,,,,,,,,,,,,,,,,,,,,,,,,,,,,,,,,,,,,,,,,
India,IND,"Literacy rate, adult total (% of people ages 15 and above)",SE.ADT.LITR.ZS,,,,,,,,,,,,,,,,,,,,,,40.76359177,41.509439472,42.255287174,43.001134876,43.746982578,44.49283028,45.238677982,45.984525684,46.730373386,47.476221088,48.22206879,49.00462029319167,49.79987110337106,50.60802730588504,51.42929833044959,52.263897005422486,53.11203961295676,53.973945945049124,54.849839360498,55.739946842785876,56.6444990589009,57.56373041911318,58.49787913772099,59.447187294782914,60.411900898851606,61.392269950725755,62.388548508236575,63.40099475208564,64.42987105275112,65.47544403847984,66.53798466438263,67.61776828265108,68.7150747139137,69.83018831974994,70.96339807638132,72.114997649558,73.28528547066094,74.47456481403886,75.68314387560035,76.91133585268126,78.15945902520836,79.42783683817991
Indonesia,IDN,"Literacy rate, adult total (% of people ages 15 and above)",SE.ADT.LITR.ZS,,,,,,,,,,,,,,,,,,,,,67.31266785,68.733386233,70.154104616,71.57482299899999,72.995541382,74.416259765,75.836978148,77.257696531,78.678414914,80.09913329700001,81.51985168,83.01996336180754,84.54767979278375,86.10350894989193,87.68796815778377,89.30158426081368,90.94489379821844,92.61844318252042,94.32278888121375,96.05849760179387,97.82614648019198,99.62632327267693,101.45962655128854,103.32666590286722,105.22806213174607,107.16444746617287,109.13646576853071,111.14477274942683,113.19003618572138,115.27293614256804,117.39416519954074,119.55442868092142,121.75444489022564,123.99494534904368,126.27667504027693,128.60039265585016,130.96687084898218,133.3768964910987,135.83127093347295,138.33081027368078,140.87634562695916,143.46872340255814,146.10880558517812
"Iran, Islamic Rep.",IRN,"Literacy rate, adult total (% of people ages 15 and above)",SE.ADT.LITR.ZS,,,,,,,,,,,,,,,,,36.51839828,38.098534389,39.678670498,41.258806607,42.838942716,44.419078825,45.999214934,47.579351043,49.159487152,50.739623261,52.31975937,54.962088014,57.604416658,60.246745302,62.889073946,65.53140259,68.55008471735255,71.70782142656734,75.01101822041711,78.46637566901602,82.08090300199784,85.86193232681347,89.81713350198957,93.95452969551876,98.28251365994191,102.8098647571367,107.5457667673473,112.4998265185811,117.68209337416228,123.1030796179731,128.77378177873442,134.70570293658224,140.91087605718891,147.40188840076323,154.19190705544253,161.29470564687233,168.7246922781535,176.496938756834,184.627211168232,193.13200185710912,202.02856288256837,211.33494101404142,221.07001433935343,231.25353055912706,241.90614704520456,253.0494727443482,264.7061120122207
Iraq,IRQ,"Literacy rate, adult total (% of people ages 15 and above)",SE.ADT.LITR.ZS,,,,,,,,,,,,,,,,,,,,,,,,,,,,,,,,,,,,,,,,,,,,,,,,,,,,,,,,,,,,,,,
Ireland,IRL,"Literacy rate, adult total (% of people ages 15 and above)",SE.ADT.LITR.ZS,,,,,,,,,,,,,,,,,,,,,,,,,,,,,,,,,,,,,,,,,,,,,,,,,,,,,,,,,,,,,,,
Isle of Man,IMN,"Literacy rate, adult total (% of people ages 15 and above)",SE.ADT.LITR.ZS,,,,,,,,,,,,,,,,,,,,,,,,,,,,,,,,,,,,,,,,,,,,,,,,,,,,,,,,,,,,,,,
Israel,ISR,"Literacy rate, adult total (% of people ages 15 and above)",SE.ADT.LITR.ZS,,,,,,,,,,,,,,,,,,,,,,,,91.75141144,,,,,,,,,,,,,,,,,,,,,,,,,,,,,,,,,,,,,,,
Italy,ITA,"Literacy rate, adult total (% of people ages 15 and above)",SE.ADT.LITR.ZS,,,,,,,,,,,,,,,,,,,,,,96.46054077,,,,,,,,,,,,,,,,,,,,,,,,,,,,,,,,,,,,,,,,,
Jamaica,JAM,"Literacy rate, adult total (% of people ages 15 and above)",SE.ADT.LITR.ZS,,,,,,,,,,,,,,,,,,,,,,,,,,,,,,,,,,,,,,,,,,,,,,,,,,,,,,,,,,,,,,,
Japan,JPN,"Literacy rate, adult total (% of people ages 15 and above)",SE.ADT.LITR.ZS,,,,,,,,,,,,,,,,,,,,,,,,,,,,,,,,,,,,,,,,,,,,,,,,,,,,,,,,,,,,,,,
Jordan,JOR,"Literacy rate, adult total (% of people ages 15 and above)",SE.ADT.LITR.ZS,,,,,,,,,,,,,,,,,,,,66.79680634,,,,,,,,,,,,,,,,,,,,,,,,,,,,,,,,,,,,,,,,,,,
Kazakhstan,KAZ,"Literacy rate, adult total (% of people ages 15 and above)",SE.ADT.LITR.ZS,,,,,,,,,,,,,,,,,,,,,,,,,,,,,,97.5293808,,,,,,,,,,,,,,,,,,,,,,,,,,,,,,,,,
Kenya,KEN,"Literacy rate, adult total (% of people ages 15 and above)",SE.ADT.LITR.ZS,,,,,,,,,,,,,,,,,,,,,,,,,,,,,,,,,,,,,,,,,,,,,,,,,,,,,,,,,,,,,,,
Kiribati,KIR,"Literacy rate, adult total (% of people ages 15 and above)",SE.ADT.LITR.ZS,,,,,,,,,,,,,,,,,,,,,,,,,,,,,,,,,,,,,,,,,,,,,,,,,,,,,,,,,,,,,,,
"Korea, Dem. People's Rep.",PRK,"Literacy rate, adult total (% of people ages 15 and above)",SE.ADT.LITR.ZS,,,,,,,,,,,,,,,,,,,,,,,,,,,,,,,,,,,,,,,,,,,,,,,,,,,,,,,,,,,,,,,
"Korea, Rep.",KOR,"Literacy rate, adult total (% of people ages 15 and above)",SE.ADT.LITR.ZS,,,,,,,,,,,,,,,,,,,,,,,,,,,,,,,,,,,,,,,,,,,,,,,,,,,,,,,,,,,,,,,
Kosovo,XKX,"Literacy rate, adult total (% of people ages 15 and above)",SE.ADT.LITR.ZS,,,,,,,,,,,,,,,,,,,,,,,,,,,,,,,,,,,,,,,,,,,,,,,,,,,,,,,,,,,,,,,
Kuwait,KWT,"Literacy rate, adult total (% of people ages 15 and above)",SE.ADT.LITR.ZS,,,,,,,,,,,,,,,,59.56438828,61.155043034,62.745697788,64.336352542,65.927007296,67.51766205,68.912303162,70.306944274,71.70158538599999,73.096226498,74.49086761,75.9696673768065,77.47782441679925,79.0159215333491,80.58455309969472,82.18432528862861,83.81585630674309,85.47977663332631,87.1767292640011,88.90736995920024,90.67236749757494,92.47240393443349,94.30817486531093,96.18038969477072,98.08977191054306,100.03705936310513,102.02300455081172,104.04837491068635,106.1139531149851,108.22053737364783,110.36894174275389,112.55999643910106,114.7945481610297,117.07346041561591,119.39761385236018,121.76790660350032,124.18525463108054,126.65059208091036,129.16487164355053,131.72906492246506,134.34416280948213,137.01117586770846,139.73113472204528,142.5050904574572,145.3341150251471,148.2193016567949,151.1617652870194,154.16264298422715
Kyrgyz Republic,KGZ,"Literacy rate, adult total (% of people ages 15 and above)",SE.ADT.LITR.ZS,,,,,,,,,,,,,,,,,,,,,,,,,,,,,,,,,,,,,,,,,,,,,,,,,,,,,,,,,,,,,,,
Lao PDR,LAO,"Literacy rate, adult total (% of people ages 15 and above)",SE.ADT.LITR.ZS,,,,,,,,,,,,,,,,,,,,,,,,,,,,,,,,,,,,,,,,,,,,,,,,,,,,,,,,,,,,,,,
Latvia,LVA,"Literacy rate, adult total (% of people ages 15 and above)",SE.ADT.LITR.ZS,,,,,,,,,,,,,,,,,,,,,,,,,,,,,,99.45230103,,,,,,,,,,,,,,,,,,,,,,,,,,,,,,,,,
Lebanon,LBN,"Literacy rate, adult total (% of people ages 15 and above)",SE.ADT.LITR.ZS,,,,,,,,,,,,,,,,,,,,,,,,,,,,,,,,,,,,,,,,,,,,,,,,,,,,,,,,,,,,,,,
Lesotho,LSO,"Literacy rate, adult total (% of people ages 15 and above)",SE.ADT.LITR.ZS,,,,,,,,,,,,,,,,,,,,,,,,,,,,,,,,,,,,,,,,,,,,,,,,,,,,,,,,,,,,,,,
Liberia,LBR,"Literacy rate, adult total (% of people ages 15 and above)",SE.ADT.LITR.ZS,,,,,,,,,,,,,,,,,,,,,,,,,32.10676956,,,,,,,,,,,,,,,,,,,,,,,,,,,,,,,,,,,,,,
Libya,LBY,"Literacy rate, adult total (% of people ages 15 and above)",SE.ADT.LITR.ZS,,,,,,,,,,,,,,,,,,,,,,,,,60.16439056,,,,,,,,,,,,,,,,,,,,,,,,,,,,,,,,,,,,,,
Liechtenstein,LIE,"Literacy rate, adult total (% of people ages 15 and above)",SE.ADT.LITR.ZS,,,,,,,,,,,,,,,,,,,,,,,,,,,,,,,,,,,,,,,,,,,,,,,,,,,,,,,,,,,,,,,
Lithuania,LTU,"Literacy rate, adult total (% of people ages 15 and above)",SE.ADT.LITR.ZS,,,,,,,,,,,,,,,,,,,,,,,,,,,,,,98.44126892,,,,,,,,,,,,,,,,,,,,,,,,,,,,,,,,,
Luxembourg,LUX,"Literacy rate, adult total (% of people ages 15 and above)",SE.ADT.LITR.ZS,,,,,,,,,,,,,,,,,,,,,,,,,,,,,,,,,,,,,,,,,,,,,,,,,,,,,,,,,,,,,,,
"Macao SAR, China",MAC,"Literacy rate, adult total (% of people ages 15 and above)",SE.ADT.LITR.ZS,,,,,,,,,,,,,,,,,,,,,,90.37818146,,,,,,,,,,,,,,,,,,,,,,,,,,,,,,,,,,,,,,,,,
Madagascar,MDG,"Literacy rate, adult total (% of people ages 15 and above)",SE.ADT.LITR.ZS,,,,,,,,,,,,,,,,,,,,,,,,,,,,,,,,,,,,,,,,,,,,,,,,,,,,,,,,,,,,,,,
Malawi,MWI,"Literacy rate, adult total (% of people ages 15 and above)",SE.ADT.LITR.ZS,,,,,,,,,,,,,,,,,,,,,,,,,,,,48.53665161,,,,,,,,,,,,,,,,,,,,,,,,,,,,,,,,,,,
Malaysia,MYS,"Literacy rate, adult total (% of people ages 15 and above)",SE.ADT.LITR.ZS,,,,,,,,,,,,,,,,,,,,,69.5163269,70.73442146636363,71.95251603272727,73.1706105990909,74.38870516545454,75.60679973181819,76.82489429818182,78.04298886454546,79.2610834309091,80.47917799727273,81.69727256363637,82.91536713,84.19022358906427,85.48468146879969,86.79904214877696,88.13361164239647,89.48870066813532,90.86462472188968,92.26170415042954,93.68026422598271,95.1206352219658,96.58315248987938,98.06815653738558,99.57599310758603,101.10701325951894,102.66157344989357,104.24003561608163,105.84276726038462,107.47014153559682,109.12253733188383,110.80033936499696,112.50393826584379,114.23373067143618,115.99011931723639,117.7735131309232,119.58432732759972,121.42298350646485,123.28990974897151,125.18554071849367,127.11031776152603,129.0646890104397,131.04910948781762,133.06404121239436
Maldives,MDV,"Literacy rate, adult total (% of people ages 15 and above)",SE.ADT.LITR.ZS,,,,,,,,,,,,,,,,,,82.29995728,83.54121876125001,84.7824802425,86.02374172374999,87.265003205,88.50626468625,89.7475261675,90.98878764875,92.23004913,92.987690732,93.745332334,94.502973936,95.260615538,96.01825714,96.79436971855097,97.57675559087468,98.36546546380907,99.16055045405392,99.96206209148363,100.77005232248705,101.584573513334,102.40567845356927,103.23342035943388,104.06785287731407,104.90903008721811,105.75700650628137,106.61183709229945,107.47357724729017,108.34228282108403,109.2180101149441,110.10081588521466,110.99075734699987,111.88789217787173,112.7922785216083,113.70397499196191,114.62304067645812,115.54953514022505,116.48351842985389,117.4250510772906,118.37419410375895,119.33100902371537,120.29555784883564,121.26790309203413,122.24810777151502,123.23623541485674,124.23235006312912
Mali,MLI,"Literacy rate, adult total (% of people ages 15 and above)",SE.ADT.LITR.ZS,,,,,,,,,,,,,,,,,9.433810234,,,,,,,,,,,,,,,,,,,,,,,,,,,,,,,,,,,,,,,,,,,,,,
Malta,MLT,"Literacy rate, adult total (% of people ages 15 and above)",SE.ADT.LITR.ZS,,,,,,,,,,,,,,,,,,,,,,,,,,86.92984009,,,,,,,,,,,,,,,,,,,,,,,,,,,,,,,,,,,,,
Marshall Islands,MHL,"Literacy rate, adult total (% of people ages 15 and above)",SE.ADT.LITR.ZS,,,,,,,,,,,,,,,,,,,,,,,,,,,,,,,,,,,,,,,,,,,,,,,,,,,,,,,,,,,,,,,
Mauritania,MRT,"Literacy rate, adult total (% of people ages 15 and above)",SE.ADT.LITR.ZS,,,,,,,,,,,,,,,,,,,,,,,,,,,,,,,,,,,,,,,,,,,,,,,,,,,,,,,,,,,,,,,
Mauritius,MUS,"Literacy rate, adult total (% of people ages 15 and above)",SE.ADT.LITR.ZS,,,,,,,,,,,,,,,,,,,,,,,,,,,,,,,79.86865997,,,,,,,,,,,,,,,,,,,,,,,,,,,,,,,,
Mexico,MEX,"Literacy rate, adult total (% of people ages 15 and above)",SE.ADT.LITR.ZS,,,,,,,,,,,,,,,,,,,,,82.98924255,83.445933529,83.902624508,84.359315487,84.816006466,85.272697445,85.72938842399999,86.186079403,86.642770382,87.099461361,87.55615234,88.02012924791494,88.48656485879162,88.95547220177045,89.42686437503563,89.90075454618129,90.37715595257912,90.85608190174815,91.33754577172661,91.82156101144547,92.30814114110416,92.79729975254831,93.28905050964927,93.78340714868598,94.28038347872848,94.77999338202378,95.28225081438356,95.78716980557404,96.2947644597079,96.8050489556382,97.31803754735446,97.83374456438088,98.35218441217653,98.87337157253778,99.39732060400284,99.92404614225845,100.4535629005486,100.98588567008564,101.5210293204634,102.05900880007252,102.59983913651809,103.14353543703932,103.69011288893164
"Micronesia, Fed. Sts.",FSM,"Literacy rate, adult total (% of people ages 15 and above)",SE.ADT.LITR.ZS,,,,,,,,,,,,,,,,,,,,,,,,,,,,,,,,,,,,,,,,,,,,,,,,,,,,,,,,,,,,,,,
Moldova,MDA,"Literacy rate, adult total (% of people ages 15 and above)",SE.ADT.LITR.ZS,,,,,,,,,,,,,,,,,,,,,,,,,,,,,,96.37754822,,,,,,,,,,,,,,,,,,,,,,,,,,,,,,,,,
Monaco,MCO,"Literacy rate, adult total (% of people ages 15 and above)",SE.ADT.LITR.ZS,,,,,,,,,,,,,,,,,,,,,,,,,,,,,,,,,,,,,,,,,,,,,,,,,,,,,,,,,,,,,,,
Mongolia,MNG,"Literacy rate, adult total (% of people ages 15 and above)",SE.ADT.LITR.ZS,,,,,,,,,,,,,,,,,,,,,,,,,,,,,,,,,,,,,,,,,,,,,,,,,,,,,,,,,,,,,,,
Montenegro,MNE,"Literacy rate, adult total (% of people ages 15 and above)",SE.ADT.LITR.ZS,,,,,,,,,,,,,,,,,,,,,,89.63529968,90.018043516,90.400787352,90.783531188,91.166275024,91.54901886,91.931762696,92.314506532,92.697250368,93.079994204,93.46273804,93.85025586519664,94.23938042766628,94.63011838930802,95.0224764396428,95.41646129592777,95.81207970327135,96.2093384347488,96.60824429151799,97.008804102936,97.41102472667598,97.81491304884457,98.2204759840997,98.6277204757692,99.03665349596933,99.44728204572448,99.85961315508682,100.27365388325673,100.68941131870366,101.10689257928748,101.52610481238028,101.9470551949888,102.36975093387734,102.79419926569102,103.22040745707977,103.64838280482273,104.07813263595311,104.50966430788371,104.94298520853278,105.3781027564506,105.81502440094653,106.2537576222163
Morocco,MAR,"Literacy rate, adult total (% of people ages 15 and above)",SE.ADT.LITR.ZS,,,,,,,,,,,,,,,,,,,,,,,30.25779915,,,,,,,,,,,,,,,,,,,,,,,,,,,,,,,,,,,,,,,,
Mozambique,MOZ,"Literacy rate, adult total (% of people ages 15 and above)",SE.ADT.LITR.ZS,,,,,,,,,,,,,,,,,,,,,26.99770927,,,,,,,,,,,,,,,,,,,,,,,,,,,,,,,,,,,,,,,,,,
Myanmar,MMR,"Literacy rate, adult total (% of people ages 15 and above)",SE.ADT.LITR.ZS,,,,,,,,,,,,,,,,,,,,,,,,78.57041168,,,,,,,,,,,,,,,,,,,,,,,,,,,,,,,,,,,,,,,
Namibia,NAM,"Literacy rate, adult total (% of people ages 15 and above)",SE.ADT.LITR.ZS,,,,,,,,,,,,,,,,,,,,,,,,,,,,,,,,75.81658173,,,,,,,,,,,,,,,,,,,,,,,,,,,,,,,
Nauru,NRU,"Literacy rate, adult total (% of people ages 15 and above)",SE.ADT.LITR.ZS,,,,,,,,,,,,,,,,,,,,,,,,,,,,,,,,,,,,,,,,,,,,,,,,,,,,,,,,,,,,,,,
Nepal,NPL,"Literacy rate, adult total (% of people ages 15 and above)",SE.ADT.LITR.ZS,,,,,,,,,,,,,,,,,,,,,,20.57366943,21.813861462,23.054053494,24.294245526,25.534437558,26.77462959,28.014821622,29.255013654,30.495205686,31.735397718,32.97558975,34.378561522021535,35.8412238047515,37.36611617677565,38.955886264999585,40.613294341647425,42.34121811684339,44.142657735097316,46.020740984369596,47.97872872675971,50.02002056024762,52.14816072131826,54.366844238717725,56.67992334902576,59.091414185183666,61.605503749590795,64.22655718387676,66.95912534797172,69.80795272163397,72.7779856421541,75.8743808925387,79.10251465508475,82.46799184589082,85.97665584651229,89.63459864965706,93.44817143653795,97.4239956042465,101.56897426229486,105.89030421828697,110.39548847352927,115.09234925027674,119.98904157323307
Netherlands,NLD,"Literacy rate, adult total (% of people ages 15 and above)",SE.ADT.LITR.ZS,,,,,,,,,,,,,,,,,,,,,,,,,,,,,,,,,,,,,,,,,,,,,,,,,,,,,,,,,,,,,,,
New Caledonia,NCL,"Literacy rate, adult total (% of people ages 15 and above)",SE.ADT.LITR.ZS,,,,,,,,,,,,,,,,,91.30036926,91.43731219692307,91.57425513384617,91.71119807076924,91.8481410076923,91.98508394461538,92.12202688153846,92.25896981846154,92.3959127553846,92.53285569230768,92.66979862923075,92.80674156615385,92.94368450307692,93.08062744,93.21817808058185,93.35593198772138,93.49388946179731,93.63205080363237,93.77041631449374,93.90898629609383,94.04776105059089,94.18674088058975,94.32592608914234,94.46531697974845,94.6049138563564,94.74471702336365,94.88472678561746,95.02494344841561,95.16536731750706,95.30599869909256,95.4468378998253,95.58788522681175,95.72914098761211,95.87060549024113,96.01227904316872,96.15416195532059,96.29625453607905,96.43855709528351,96.58106994323134,96.72379339067841,96.86672774883979,97.00987332939047,97.15323044446605,97.29679940666331,97.4405805290411,97.58457412512077,97.72878050888703
New Zealand,NZL,"Literacy rate, adult total (% of people ages 15 and above)",SE.ADT.LITR.ZS,,,,,,,,,,,,,,,,,,,,,,,,,,,,,,,,,,,,,,,,,,,,,,,,,,,,,,,,,,,,,,,
Nicaragua,NIC,"Literacy rate, adult total (% of people ages 15 and above)",SE.ADT.LITR.ZS,,,,,,,,,,,,,,,,,,,,,,,,,,,,,,,,,,,,,,,,,,,,,,,,,,,,,,,,,,,,,,,
Niger,NER,"Literacy rate, adult total (% of people ages 15 and above)",SE.ADT.LITR.ZS,,,,,,,,,,,,,,,,,,,,,,,,,,,,,,,,,,,,,,,,,,,,,,,,,,,,,,,,,,,,,,,
Nigeria,NGA,"Literacy rate, adult total (% of people ages 15 and above)",SE.ADT.LITR.ZS,,,,,,,,,,,,,,,,,,,,,,,,,,,,,,,,55.44675064,,,,,,,,,,,,,,,,,,,,,,,,,,,,,,,
North Macedonia,MKD,"Literacy rate, adult total (% of people ages 15 and above)",SE.ADT.LITR.ZS,,,,,,,,,,,,,,,,,,,,,,,,,,,,,,,,,,,,,,,,,,,,,,,,,,,,,,,,,,,,,,,
Northern Mariana Islands,MNP,"Literacy rate, adult total (% of people ages 15 and above)",SE.ADT.LITR.ZS,,,,,,,,,,,,,,,,,,,,,,,,,,,,,,,,,,,,,,,,,,,,,,,,,,,,,,,,,,,,,,,
Norway,NOR,"Literacy rate, adult total (% of people ages 15 and above)",SE.ADT.LITR.ZS,,,,,,,,,,,,,,,,,,,,,,,,,,,,,,,,,,,,,,,,,,,,,,,,,,,,,,,,,,,,,,,
Oman,OMN,"Literacy rate, adult total (% of people ages 15 and above)",SE.ADT.LITR.ZS,,,,,,,,,,,,,,,,,,,,,,,,,,,,,,,,,,,,,,,,,,,,,,,,,,,,,,,,,,,,,,,
Pakistan,PAK,"Literacy rate, adult total (% of people ages 15 and above)",SE.ADT.LITR.ZS,,,,,,,,,,,,,,,,,,,,,,25.72518921,,,,,,,,,,,,,,,,,,,,,,,,,,,,,,,,,,,,,,,,,
Palau,PLW,"Literacy rate, adult total (% of people ages 15 and above)",SE.ADT.LITR.ZS,,,,,,,,,,,,,,,,,,,,,91.92141724,,,,,,,,,,,,,,,,,,,,,,,,,,,,,,,,,,,,,,,,,,
Panama,PAN,"Literacy rate, adult total (% of people ages 15 and above)",SE.ADT.LITR.ZS,,,,,,,,,,,,,,,,,,,,,88.0717392,88.142551425,88.21336364999999,88.284175875,88.3549881,88.425800325,88.49661255,88.56742477499999,88.638237,88.709049225,88.77986145,88.85084361503367,88.92188253243968,88.99297824759324,89.06413080590589,89.13534025282539,89.20660663383593,89.277929994458,89.34931038024855,89.42074783680087,89.49224240974478,89.56379414474652,89.63540308750888,89.70706928377122,89.77879277930937,89.85057361993587,89.92241185149983,89.994307519887,90.06626067101988,90.13827135085764,90.2103396053962,90.28246548066825,90.35464902274333,90.42689027772776,90.49918929176475,90.5715461110344,90.64396078175373,90.71643335017667,90.78896386259424,90.86155236533435,90.93419890476204,91.00690352727938,91.07966627932551
Papua New Guinea,PNG,"Literacy rate, adult total (% of people ages 15 and above)",SE.ADT.LITR.ZS,,,,,,,,,,,,,,,,,,,,,,,,,,,,,,,,,,,,,,,,,,,,,,,,,,,,,,,,,,,,,,,
Paraguay,PRY,"Literacy rate, adult total (% of people ages 15 and above)",SE.ADT.LITR.ZS,,,,,,,,,,,,,,,,,,,,,,,78.45861053,79.639931484,80.821252438,82.002573392,83.183894346,84.3652153,85.546536254,86.727857208,87.909178162,89.090499116,90.27182007,91.50186992085125,92.74868051314323,94.01248022985854,95.29350056594151,96.59197617070205,97.90814489079729,99.24224781379873,100.59452931235326,101.9652370889458,103.35462222127182,104.76293920822833,106.19044601653123,107.63740412796814,109.10407858729505,110.5907380507854,112.09765483544103,113.62510496887344,115.17336823986479,116.74272824961783,118.33347246370433,119.94589226472107,121.5802830056636,123.23694406402714,124.9161788966446,126.61829509527199,128.34360444293117,130.09242297102023,131.86507101720224,133.66187328408265,135.48315889868636
Peru,PER,"Literacy rate, adult total (% of people ages 15 and above)",SE.ADT.LITR.ZS,,,,,,,,,,,,,,,,,,,,,,81.91845703,,,,,,,,,,,,,,,,,,,,,,,,,,,,,,,,,,,,,,,,,
Philippines,PHL,"Literacy rate, adult total (% of people ages 15 and above)",SE.ADT.LITR.ZS,,,,,,,,,,,,,,,,,,,,,83.31723022,84.34289703,85.36856384,86.39423065,87.41989746,88.44556427,89.47123108,90.49689789,91.5225647,92.54823151,93.57389832,94.63471158072561,95.70755089566435,96.79255259982006,97.88985457377689,98.99959626122101,100.1219186866611,101.25696447334924,102.40487786140558,103.56580472614802,104.7398925966299,105.9272906743878,107.12814985240188,108.34262273427109,109.57086365360598,110.81302869364109,112.06927570706979,113.33976433610412,114.62465603276178,115.92411407938327,117.23830360938166,118.56739162822747,119.91154703467149,121.27094064220822,122.64574520078273,124.03613541874329,125.44228798504328,126.8643815916944,128.30259695647482,129.75711684589433,131.22812609842035,132.71581164796663,134.2203625476488
Poland,POL,"Literacy rate, adult total (% of people ages 15 and above)",SE.ADT.LITR.ZS,,,,,,,,,,,,,,,,,,,98.74273682,98.798463443,98.854190066,98.909916689,98.965643312,99.021369935,99.077096558,99.132823181,99.188549804,99.244276427,99.30000305,99.35582368693538,99.41167570295849,99.46755911570884,99.52347394283579,99.57942020199869,99.63539791086674,99.69140708711917,99.7474477484451,99.80351991254356,99.85962359712357,99.91575881990408,99.97192559861406,100.02812395099238,100.0843538947879,100.14061544775944,100.19690862767588,100.25323345231598,100.3095899394686,100.36597810693247,100.42239797251645,100.4788495540394,100.53533286933009,100.59184793622744,100.64839477258029,100.70497339624762,100.76158382509834,100.8182260770115,100.87490016987613,100.93160612159137,100.98834395006637,101.04511367322038,101.10191530898275,101.15874887529284,101.21561439010016
Portugal,PRT,"Literacy rate, adult total (% of people ages 15 and above)",SE.ADT.LITR.ZS,,,,,,,,,,,,,,,,,,,,,,79.43560791,80.286832428,81.138056946,81.989281464,82.840505982,83.6917305,84.542955018,85.394179536,86.24540405399999,87.096628572,87.94785309,88.82470736541701,89.71030401933793,90.60473021468597,91.50807398341277,92.42042423516277,93.3418707660238,94.27250426736526,95.21241633476409,96.16169947701984,97.12044712525979,98.08875364213462,99.0667143311058,100.0544254458257,101.05198419961116,102.05948877501139,103.0770383334715,104.10473302509217,105.14267399848676,106.19096341073661,107.24970443744557,108.31900128289499,109.39895919029964,110.48968445216613,111.59128442075452,112.70386751864416,113.82754324940505,114.96242220837539,116.10861609354679,117.2662377165578,118.43540101379722,119.61622105761799
Puerto Rico,PRI,"Literacy rate, adult total (% of people ages 15 and above)",SE.ADT.LITR.ZS,,,,,,,,,,,,,,,,,,,,,86.74606323,87.033706663,87.321350096,87.608993529,87.896636962,88.184280395,88.471923828,88.759567261,89.047210694,89.334854127,89.62249756,89.9129435948798,90.20433089898857,90.49666252276482,90.78994152653279,91.08417098053451,91.37935396496204,91.67549356998958,91.97259289580592,92.27065505264683,92.5696831608276,92.86968035077582,93.17064976306406,93.47259454844276,93.7755178678732,94.07942289256067,94.38431280398754,94.69019079394671,94.99706006457491,95.30492382838624,95.61378530830588,95.92364773770375,96.23451436042838,96.54638843084085,96.85927321384892,97.17317198494118,97.48808803022126,97.80402464644236,98.12098514104171,98.43897283217512,98.75799104875188,99.07804313046944,99.39913242784849
Qatar,QAT,"Literacy rate, adult total (% of people ages 15 and above)",SE.ADT.LITR.ZS,,,,,,,,,,,,,,,,,,,,,,,,,,,75.63504028,,,,,,,,,,,,,,,,,,,,,,,,,,,,,,,,,,,,
Romania,ROU,"Literacy rate, adult total (% of people ages 15 and above)",SE.ADT.LITR.ZS,,,,,,,,,,,,,,,,,,,,,,,,,,,,,,,,,96.7099762,,,,,,,,,,,,,,,,,,,,,,,,,,,,,,
Russian Federation,RUS,"Literacy rate, adult total (% of people ages 15 and above)",SE.ADT.LITR.ZS,,,,,,,,,,,,,,,,,,,,,,,,,,,,,,97.98605347,,,,,,,,,,,,,,,,,,,,,,,,,,,,,,,,,
Rwanda,RWA,"Literacy rate, adult total (% of people ages 15 and above)",SE.ADT.LITR.ZS,,,,,,,,,,,,,,,,,,,38.24343109,39.75189707692308,41.26036306384616,42.76882905076923,44.27729503769231,45.78576102461538,47.29422701153846,48.80269299846154,50.311158985384616,51.81962497230769,53.32809095923077,54.83655694615385,56.34502293307692,57.85348892,59.49258857624868,61.178127051197286,62.91142004512925,64.69382053462573,66.52671982867437,68.41154865469935,70.34977827536088,72.34292163699575,74.39253455059539,76.50021690624317,78.66761392195927,80.89641742792745,83.18836718710656,85.54525225325747,87.96891236744548,90.46123939410822,93.02417879781035,95.6597311618372,98.36995374981329,101.15696211156444,104.02293173447696,106.97009974164304,110.00076663811781,113.11729810665125,116.32212685429649,119.61775451133622,123.00675358400909,126.49176946256078,130.0755224861869,133.7608100664796,137.5505088710355
Samoa,WSM,"Literacy rate, adult total (% of people ages 15 and above)",SE.ADT.LITR.ZS,,,,,,,,,,,,,,,,,,,,,,,,,,,,,,,,97.94432831,,,,,,,,,,,,,,,,,,,,,,,,,,,,,,,
San Marino,SMR,"Literacy rate, adult total (% of people ages 15 and above)",SE.ADT.LITR.ZS,,,,,,,,,,,,,,,,,,,,,,,,,,,,,,,,,,,,,,,,,,,,,,,,,,,,,,,,,,,,,,,
Sao Tome and Principe,STP,"Literacy rate, adult total (% of people ages 15 and above)",SE.ADT.LITR.ZS,,,,,,,,,,,,,,,,,,,,,,57.32426071,58.916076277,60.507891844,62.099707411,63.691522978,65.28333854499999,66.87515411199999,68.466969679,70.058785246,71.650600813,73.24241638,74.94710246891826,76.69146440149898,78.47642561612794,80.3029310438267,82.17194760848437,84.08446473873234,86.04149489173253,88.04407408915674,90.09326246564041,92.19014483000186,94.33583123952315,96.53145758759744,98.77818620505354,101.07720647547589,103.42973546484596,105.8370185658383,108.30033015711228,110.8209742779485,113.40028531858717,116.03962872663377,118.74040172990608,121.504034076105,124.33198878970107,127.22576294643713,130.18688846585715,133.21693292228093,136.3175003746538,139.49023221571085,142.73680804090483,146.05894653755843,149.45840639471058
Saudi Arabia,SAU,"Literacy rate, adult total (% of people ages 15 and above)",SE.ADT.LITR.ZS,,,,,,,,,,,,,,,,,,,,,,,,,,,,,,,,,70.82164764,,,,,,,,,,,,,,,,,,,,,,,,,,,,,,
Senegal,SEN,"Literacy rate, adult total (% of people ages 15 and above)",SE.ADT.LITR.ZS,,,,,,,,,,,,,,,,,,,,,,,,,,,,,26.86885071,,,,,,,,,,,,,,,,,,,,,,,,,,,,,,,,,,
Serbia,SRB,"Literacy rate, adult total (% of people ages 15 and above)",SE.ADT.LITR.ZS,,,,,,,,,,,,,,,,,,,,,,,,,,,,,,,,,,,,,,,,,,,,,,,,,,,,,,,,,,,,,,,
Seychelles,SYC,"Literacy rate, adult total (% of people ages 15 and above)",SE.ADT.LITR.ZS,,,,,,,,,,,,,,,,,,,,,,,,,,,,84.22921753,,,,,,,,,,,,,,,,,,,,,,,,,,,,,,,,,,,
Sierra Leone,SLE,"Literacy rate, adult total (% of people ages 15 and above)",SE.ADT.LITR.ZS,,,,,,,,,,,,,,,,,,,,,,,,,,,,,,,,,,,,,,,,,,,,,,,,,,,,,,,,,,,,,,,
Singapore,SGP,"Literacy rate, adult total (% of people ages 15 and above)",SE.ADT.LITR.ZS,,,,,,,,,,,,,,,,,,,,,82.90605164,83.525046543,84.144041446,84.763036349,85.382031252,86.001026155,86.62002105799999,87.23901596099999,87.858010864,88.477005767,89.09600067,89.72823526868883,90.36495627063678,91.00619551183357,91.65198505418051,92.3023571870935,92.95734442911753,93.61697952955265,94.28129547009137,94.95032546646772,95.6241029701181,96.30266166985388,96.98603549354569,97.67425860981999,98.3673654297673,99.065390608663,99.7683690476998,100.47633589573311,101.18932655103818,101.9073766630802,102.63052213429671,103.35879912189277,104.09224403964868,104.83089355974086,105.5747846145753,106.32395439863419,107.07844037033578,107.83828025390713,108.6035120412704,109.37417399394242,110.15030464494781,110.93194280074555,111.71912754316931
Sint Maarten (Dutch part),SXM,"Literacy rate, adult total (% of people ages 15 and above)",SE.ADT.LITR.ZS,,,,,,,,,,,,,,,,,,,,,,,,,,,,,,,,,,,,,,,,,,,,,,,,,,,,,,,,,,,,,,,
Slovak Republic,SVK,"Literacy rate, adult total (% of people ages 15 and above)",SE.ADT.LITR.ZS,,,,,,,,,,,,,,,,,,,,,,,,,,,,,,,,,,,,,,,,,,,,,,,,,,,,,,,,,,,,,,,
Slovenia,SVN,"Literacy rate, adult total (% of people ages 15 and above)",SE.ADT.LITR.ZS,,,,,,,,,,,,,,,,,,,,,,,,,,,,,,,,99.52452087,,,,,,,,,,,,,,,,,,,,,,,,,,,,,,,
Solomon Islands,SLB,"Literacy rate, adult total (% of people ages 15 and above)",SE.ADT.LITR.ZS,,,,,,,,,,,,,,,,,,,,,,,,,,,,,,,,,,,,,,,,,,,,,,,,,,,,,,,,,,,,,,,
Somalia,SOM,"Literacy rate, adult total (% of people ages 15 and above)",SE.ADT.LITR.ZS,,,,,,,,,,,,,5.404650211,,,,,,,,,,,,,,,,,,,,,,,,,,,,,,,,,,,,,,,,,,,,,,,,,,
South Africa,ZAF,"Literacy rate, adult total (% of people ages 15 and above)",SE.ADT.LITR.ZS,,,,,,,,,,,,,,,,,,,,,76.20049286,,,,,,,,,,,,,,,,,,,,,,,,,,,,,,,,,,,,,,,,,,
South Sudan,SSD,"Literacy rate, adult total (% of people ages 15 and above)",SE.ADT.LITR.ZS,,,,,,,,,,,,,,,,,,,,,,,,,,,,,,,,,,,,,,,,,,,,,,,,,,,,,,,,,,,,,,,
Spain,ESP,"Literacy rate, adult total (% of people ages 15 and above)",SE.ADT.LITR.ZS,,,,,,,,,,,,,,,,,,,,,,92.80976868,93.178289035,93.54680939,93.915329745,94.2838501,94.652370455,95.02089081,95.389411165,95.75793152,96.126451875,96.49497223,96.8677748559782,97.24201778288321,97.6177065752326,97.99484681904212,98.37344412190879,98.75350411309417,99.1350324436082,99.51803478629316,99.90251683590802,100.28848430921309,100.6759429450551,101.0648985044524,101.45535677068078,101.84732354935927,102.24080466853667,102.63580597877802,103.03233335325176,103.43039268781686,103.82998990111071,104.2311309346369,104.63382175285373,105.03806834326284,105.44387671649818,105.85125290641545,106.26020297018184,106.67073298836597,107.08284906502844,107.4965573278125,107.9118639280352,108.32877504077881,108.74729686498269
Sri Lanka,LKA,"Literacy rate, adult total (% of people ages 15 and above)",SE.ADT.LITR.ZS,,,,,,,,,,,,,,,,,,,,,,86.77792358,,,,,,,,,,,,,,,,,,,,,,,,,,,,,,,,,,,,,,,,,
St. Kitts and Nevis,KNA,"Literacy rate, adult total (% of people ages 15 and above)",SE.ADT.LITR.ZS,,,,,,,,,,,,,,,,,,,,,,,,,,,,,,,,,,,,,,,,,,,,,,,,,,,,,,,,,,,,,,,
St. Lucia,LCA,"Literacy rate, adult total (% of people ages 15 and above)",SE.ADT.LITR.ZS,,,,,,,,,,,,,,,,,,,,,,,,,,,,,,,,,,,,,,,,,,,,,,,,,,,,,,,,,,,,,,,
St. Martin (French part),MAF,"Literacy rate, adult total (% of people ages 15 and above)",SE.ADT.LITR.ZS,,,,,,,,,,,,,,,,,,,,,,,,,,,,,,,,,,,,,,,,,,,,,,,,,,,,,,,,,,,,,,,
St. Vincent and the Grenadines,VCT,"Literacy rate, adult total (% of people ages 15 and above)",SE.ADT.LITR.ZS,,,,,,,,,,,95.63215637,95.758940886,95.885725402,96.012509918,96.139294434,96.26607895,96.392863466,96.519647982,96.646432498,96.773217014,96.90000153,97.02728610311135,97.15473787294403,97.28235705912199,97.41014388155774,97.53809856045257,97.66622131629708,97.79451236987147,97.92297194224598,98.05160025478119,98.18039752912851,98.30936398723047,98.43849985132113,98.5678053439265,98.69728068786486,98.8269261062472,98.95674182247758,99.08672806025349,99.2168850435663,99.34721299670154,99.47771214423948,99.60838271105523,99.73922492231944,99.87023900349841,100.00142518035469,100.13278367894738,100.26431472563245,100.39601854706329,100.52789537019096,100.65994542226464,100.79216893083209,100.92456612373981,101.05713722913379,101.18988247545954,101.32280209146275,101.45589630618952,101.58916534898685,101.722609449503,101.85622883768788,101.99002374379346,102.1239943983742,102.25814103228728,102.39246387669327
Sudan,SDN,"Literacy rate, adult total (% of people ages 15 and above)",SE.ADT.LITR.ZS,,,,,,,,,,,,,,,,,,,,,,,,,,,,,,,,,,,,,,,,,,,,,,,,,,,,,,,,,,,,,,,
Suriname,SUR,"Literacy rate, adult total (% of people ages 15 and above)",SE.ADT.LITR.ZS,,,,,,,,,,,,,,,,,,,,,,,,,,,,,,,,,,,,,,,,,,,,,,,,,,,,,,,,,,,,,,,
Sweden,SWE,"Literacy rate, adult total (% of people ages 15 and above)",SE.ADT.LITR.ZS,,,,,,,,,,,,,,,,,,,,,,,,,,,,,,,,,,,,,,,,,,,,,,,,,,,,,,,,,,,,,,,
Switzerland,CHE,"Literacy rate, adult total (% of people ages 15 and above)",SE.ADT.LITR.ZS,,,,,,,,,,,,,,,,,,,,,,,,,,,,,,,,,,,,,,,,,,,,,,,,,,,,,,,,,,,,,,,
Syrian Arab Republic,SYR,"Literacy rate, adult total (% of people ages 15 and above)",SE.ADT.LITR.ZS,,,,,,,,,,,,,,,,,,,,,,55.65449905,,,,,,,,,,,,,,,,,,,,,,,,,,,,,,,,,,,,,,,,,
Tajikistan,TJK,"Literacy rate, adult total (% of people ages 15 and above)",SE.ADT.LITR.ZS,,,,,,,,,,,,,,,,,,,,,,,,,,,,,,97.69402313,,,,,,,,,,,,,,,,,,,,,,,,,,,,,,,,,
Tanzania,TZA,"Literacy rate, adult total (% of people ages 15 and above)",SE.ADT.LITR.ZS,,,,,,,,,,,,,,,,,,,,,,,,,,,,,59.11380005,,,,,,,,,,,,,,,,,,,,,,,,,,,,,,,,,,
Thailand,THA,"Literacy rate, adult total (% of people ages 15 and above)",SE.ADT.LITR.ZS,,,,,,,,,,,,,,,,,,,,,87.98175812,,,,,,,,,,,,,,,,,,,,,,,,,,,,,,,,,,,,,,,,,,
Timor-Leste,TLS,"Literacy rate, adult total (% of people ages 15 and above)",SE.ADT.LITR.ZS,,,,,,,,,,,,,,,,,,,,,,,,,,,,,,,,,,,,,,,,,,,,,,,,,,,,,,,,,,,,,,,
Togo,TGO,"Literacy rate, adult total (% of people ages 15 and above)",SE.ADT.LITR.ZS,,,,,,,,,,,,,,,,,,,,,,,,,,,,,,,,,,,,,,,,,,,,,,,,,,,,,,,,,,,,,,,
Tonga,TON,"Literacy rate, adult total (% of people ages 15 and above)",SE.ADT.LITR.ZS,,,,,,,,,,,,,,,,,99.59246063,,,,,,,,,,,,,,,,,,,,,,,,,,,,,,,,,,,,,,,,,,,,,,
Trinidad and Tobago,TTO,"Literacy rate, adult total (% of people ages 15 and above)",SE.ADT.LITR.ZS,,,,,,,,,,,,,,,,,,,,,94.97032166,95.16714478,95.3639679,95.56079102,95.75761414,95.95443726,96.15126038,96.3480835,96.54490662,96.74172974,96.93855286,97.13658386360073,97.33501941500242,97.5338603406359,97.73310746862019,97.93276162876619,98.1328236525798,98.33329437326573,98.53417462573069,98.73546524658703,98.93716707415614,99.13928094847202,99.34180771128469,99.54474820606377,99.74810327800198,99.95187377401855,100.15606054276297,100.36066443461831,100.56568630170486,100.77112699788366,100.97698737876007,101.18326830168733,101.38997062577015,101.59709521186818,101.80464292259978,102.01261462234541,102.22101117725143,102.42983345523352,102.63908232598045,102.84875866095759,103.05886333341061,103.26939721836908,103.48036119265011
Tunisia,TUN,"Literacy rate, adult total (% of people ages 15 and above)",SE.ADT.LITR.ZS,,,,,,,,,,,,,,,,,,,,,,,,,48.19070053,,,,,,,,,,,,,,,,,,,,,,,,,,,,,,,,,,,,,,
Turkiye,TUR,"Literacy rate, adult total (% of people ages 15 and above)",SE.ADT.LITR.ZS,,,,,,,,,,,,,,,,61.62768173,62.441014098,63.254346466,64.067678834,64.881011202,65.69434357,67.749122622,69.803901674,71.858680726,73.913459778,75.96823883,76.621081542,77.27392425400001,77.926766966,78.57960967800001,79.23245239,79.90193715356196,80.5770788144573,81.2579251713652,81.94452442684593,82.63692519075349,83.335176483677,84.03932774041142,84.7494288134573,85.46552997655029,86.1876819282204,86.91593579538142,87.65034313695047,88.39095594749844,89.13782666093095,89.89100815420065,90.65055375105078,91.41651722579036,92.18895280710136,92.96791518187793,93.75345949909817,94.54564137372851,95.34451689066118,96.15014260868489,96.96257556448911,97.7818732767021,98.60809374996312,99.44129547902915,100.28153745291604,101.12887915907493,101.98338058760378,102.8451022354946,103.71410511091645
Turkmenistan,TKM,"Literacy rate, adult total (% of people ages 15 and above)",SE.ADT.LITR.ZS,,,,,,,,,,,,,,,,,,,,,,,,,,,,,,,,,,,,,,,,,,,,,,,,,,,,,,,,,,,,,,,
Turks and Caicos Islands,TCA,"Literacy rate, adult total (% of people ages 15 and above)",SE.ADT.LITR.ZS,,,,,,,,,,,,,,,,,,,,,,,,,,,,,,,,,,,,,,,,,,,,,,,,,,,,,,,,,,,,,,,
Tuvalu,TUV,"Literacy rate, adult total (% of people ages 15 and above)",SE.ADT.LITR.ZS,,,,,,,,,,,,,,,,,,,,,,,,,,,,,,,,,,,,,,,,,,,,,,,,,,,,,,,,,,,,,,,
Uganda,UGA,"Literacy rate, adult total (% of people ages 15 and above)",SE.ADT.LITR.ZS,,,,,,,,,,,,,,,,,,,,,,,,,,,,,,,,56.10737991,,,,,,,,,,,,,,,,,,,,,,,,,,,,,,,
Ukraine,UKR,"Literacy rate, adult total (% of people ages 15 and above)",SE.ADT.LITR.ZS,,,,,,,,,,,,,,,,,,,,,,,,,,,,,,,,,,,,,,,,,,,,,,,,,,,,,,,,,,,,,,,
United Arab Emirates,ARE,"Literacy rate, adult total (% of people ages 15 and above)",SE.ADT.LITR.ZS,,,,,,,,,,,,,,,,53.51488113,55.286922833,57.058964536,58.831006239,60.603047942,62.375089645,64.147131348,65.919173051,67.691214754,69.463256457,71.23529816,73.15302261223627,75.12237409727366,77.14474246573059,79.22155498437425,81.35427734340024,83.54441469082916,85.79351269475009,88.10315863416095,90.47498251917494,92.9106582413845,95.41190475519386,97.98048729095441,100.6182186007589,103.32696023777332,106.10862387001019,108.96517262946948,111.89862249759985,114.91104372805802,118.00456230777009,121.18136145732598,124.44368317176625,127.79382980284817,131.23416568390797,134.7671187984662,138.3951824937533,142.12091724036523,145.94695243929047,149.87598827758438,153.91079763399964,158.05422803591864,162.30920366896805,166.67872744073432,171.16588310003647,175.7738374132518,180.5058423992305,185.36523762437585,190.35545255951118
United Kingdom,GBR,"Literacy rate, adult total (% of people ages 15 and above)",SE.ADT.LITR.ZS,,,,,,,,,,,,,,,,,,,,,,,,,,,,,,,,,,,,,,,,,,,,,,,,,,,,,,,,,,,,,,,
United States,USA,"Literacy rate, adult total (% of people ages 15 and above)",SE.ADT.LITR.ZS,,,,,,,,,,,,,,,,,,,,,,,,,,,,,,,,,,,,,,,,,,,,,,,,,,,,,,,,,,,,,,,
Uruguay,URY,"Literacy rate, adult total (% of people ages 15 and above)",SE.ADT.LITR.ZS,,,,,,,,,,,,,,,,93.86106873,94.012960056,94.164851382,94.316742708,94.468634034,94.62052536,94.772416686,94.924308012,95.076199338,95.228090664,95.37998199,95.53260323560048,95.6854686964348,95.83857876328139,95.99193382754387,96.14553428125221,96.29938051706367,96.45347292826384,96.60781190876759,96.7623978531201,96.91723115649796,97.07231221470998,97.2276414241984,97.3832191820398,97.53904588594611,97.69512193426573,97.85144772598437,98.00802366072625,98.16485013875503,98.32192756097483,98.47925632893127,98.63683684481252,98.7946695114503,98.95275473232091,99.11109291154628,99.26968445389495,99.42852976478324,99.58762925027605,99.7469833170882,99.90659237258517,100.06645682478437,100.22657708235609,100.38695355462448,100.54758665156876,100.7084767838241,100.86962436268279,101.03102980009518,101.1926935086709
Uzbekistan,UZB,"Literacy rate, adult total (% of people ages 15 and above)",SE.ADT.LITR.ZS,,,,,,,,,,,,,,,,,,,,,,,,,,,,,,,,,,,,,,,,,,,,,,,,,,,,,,,,,,,,,,,
Vanuatu,VUT,"Literacy rate, adult total (% of people ages 15 and above)",SE.ADT.LITR.ZS,,,,,,,,,,,,,,,,,,,,52.87392044,53.939136504,55.004352568,56.069568632,57.134784696,58.20000076,59.32795035414262,60.47776026220815,61.64985414969305,62.84466389297557,64.06262973844733,65.30420046472908,66.56983354803008,67.85999533071255,69.1751611931227,70.51581572875219,71.88245292279407,73.27557633415951,74.69569928102186,76.14334502995686,77.6190469887484,79.12334890293099,80.65680505614128,82.21998047435265,83.81345113406782,85.43780417454644,87.0936381141458,88.78156307085426,90.50220098709882,92.25618585890953,94.04416396952534,95.86679412752721,97.72474790958657,99.61870990791813,101.54937798252878,103.51746351835497,105.52369168738365,107.56880171585327,109.65354715663331,111.77869616688263,113.94503179108901,116.15335224959422,118.40447123271079,120.69921820053897
"Venezuela, RB",VEN,"Literacy rate, adult total (% of people ages 15 and above)",SE.ADT.LITR.ZS,,,,,,,,,,,,,,,,,,,,,,84.73220062,85.29809485333334,85.86398908666666,86.42988332,86.99577755333334,87.56167178666666,88.12756602,88.69346025333334,89.25935448666667,89.82524872,90.40209186953547,90.9826394120329,91.5669151365019,92.15494298472122,92.74674705221979,93.34235158926417,93.94178100185214,94.54505985271284,95.1522128623133,95.76326490987132,96.37824103437505,96.9971664356089,97.62006647518623,98.24696667758856,98.87789273121146,99.51287048941724,100.15192597159425,100.79508536422317,101.44237502194999,102.09382146866594,102.74945139859433,103.40929167738456,104.07336934321273,104.74171160788981,105.41434585797653,106.0912996559057,106.77260074111156,107.45827703116655,108.14835662292515,108.84286779367532,109.54183900229715,110.24529889042905
Viet Nam,VNM,"Literacy rate, adult total (% of people ages 15 and above)",SE.ADT.LITR.ZS,,,,,,,,,,,,,,,,,,,,83.82594299,84.202993772,84.580044554,84.957095336,85.33414611799999,85.7111969,86.088247682,86.465298464,86.842349246,87.219400028,87.59645081,87.97844875680454,88.36211255228234,88.74744946100594,89.13446677922786,89.52317183501874,89.91357198840606,90.30567463151353,90.69948718870106,91.09501711670535,91.492271904781,91.89125907484248,92.29198618160633,92.69446081273448,93.09869058897762,93.50468316431974,93.91244622612295,94.32198749527305,94.73331472632573,95.14643570765337,95.56135826159259,95.97809024459222,96.39663954736227,96.81701409502314,97.23922184725576,97.66327079845236,98.0891689778677,98.5169244497713,98.9465453135999,99.37803970411103,99.81141579153692,100.24668178173923,100.68384591636442,101.12291647299988
Virgin Islands (U.S.),VIR,"Literacy rate, adult total (% of people ages 15 and above)",SE.ADT.LITR.ZS,,,,,,,,,,,,,,,,,,,,,,,,,,,,,,,,,,,,,,,,,,,,,,,,,,,,,,,,,,,,,,,
West Bank and Gaza,PSE,"Literacy rate, adult total (% of people ages 15 and above)",SE.ADT.LITR.ZS,,,,,,,,,,,,,,,,,,,,,,,,,,,,,,,,,,,,,,,,,,,,,,,,,,,,,,,,,,,,,,,
"Yemen, Rep.",YEM,"Literacy rate, adult total (% of people ages 15 and above)",SE.ADT.LITR.ZS,,,,,,,,,,,,,,,,,,,,,,,,,,,,,,,,,,,,,,,,,,,,,,,,,,,,,,,,,,,,,,,
Zambia,ZMB,"Literacy rate, adult total (% of people ages 15 and above)",SE.ADT.LITR.ZS,,,,,,,,,,,,,,,,,,,,,,,,,,,,,,,64.99828339,,,,,,,,,,,,,,,,,,,,,,,,,,,,,,,,
Zimbabwe,ZWE,"Literacy rate, adult total (% of people ages 15 and above)",SE.ADT.LITR.ZS,,,,,,,,,,,,,,,,,,,,,,,77.79416656,78.36600799099999,78.937849422,79.509690853,80.08153228399999,80.65337371499999,81.225215146,81.79705657699999,82.36889800799999,82.940739439,83.51258087,84.09647257164741,84.68444664646184,85.27653163701486,85.87275628543803,86.47314953481812,87.07774053060226,87.6865586220126,88.29963336347116,88.91699451603448,89.5386720488383,90.16469614055244,90.79509718084577,91.42990577186143,92.0691527297024,92.7128690859274,93.36108608905731,94.0138352060921,94.67114812403838,95.33305675144757,95.99959321996482,96.67078988588898,97.34667933174309,98.02729436785621,98.71266803395616,99.40283360077326,100.0978245716556,100.79767468419527,101.50241791186625,102.21208846567349,102.9267207958138
