year,World,Afghanistan,Albania,Algeria,American Samoa,Andorra,Angola,Antigua and Barbuda,Argentina,Armenia,Aruba,Australia,Austria,Azerbaijan,"Bahamas, The",Bahrain,Bangladesh,Barbados,Belarus,Belgium,Belize,Benin,Bermuda,Bhutan,Bolivia,Bosnia and Herzegovina,Botswana,Brazil,British Virgin Islands,Brunei Darussalam,Bulgaria,Burkina Faso,Burundi,Cabo Verde,Cambodia,Cameroon,Canada,Cayman Islands,Central African Republic,Chad,Channel Islands,Chile,China,Colombia,Comoros,"Congo, Dem. Rep.","Congo, Rep.",Costa Rica,Cote d'Ivoire,Croatia,Cuba,Curacao,Cyprus,Czechia,Denmark,Djibouti,Dominica,Dominican Republic,Ecuador,"Egypt, Arab Rep.",El Salvador,Equatorial Guinea,Eritrea,Estonia,Eswatini,Ethiopia,Faroe Islands,Fiji,Finland,France,French Polynesia,Gabon,"Gambia, The",Georgia,Germany,Ghana,Gibraltar,Greece,Greenland,Grenada,Guam,Guatemala,Guinea,Guinea-Bissau,Guyana,Haiti,Honduras,"Hong Kong SAR, China",Hungary,Iceland,India,Indonesia,"Iran, Islamic Rep.",Iraq,Ireland,Isle of Man,Israel,Italy,Jamaica,Japan,Jordan,Kazakhstan,Kenya,Kiribati,"Korea, Dem. People's Rep.","Korea, Rep.",Kosovo,Kuwait,Kyrgyz Republic,Lao PDR,Latvia,Lebanon,Lesotho,Liberia,Libya,Liechtenstein,Lithuania,Luxembourg,"Macao SAR, China",Madagascar,Malawi,Malaysia,Maldives,Mali,Malta,Marshall Islands,Mauritania,Mauritius,Mexico,"Micronesia, Fed. Sts.",Moldova,Monaco,Mongolia,Montenegro,Morocco,Mozambique,Myanmar,Namibia,Nauru,Nepal,Netherlands,New Caledonia,New Zealand,Nicaragua,Niger,Nigeria,North Macedonia,Northern Mariana Islands,Norway,Oman,Pakistan,Palau,Panama,Papua New Guinea,Paraguay,Peru,Philippines,Poland,Portugal,Puerto Rico,Qatar,Romania,Russian Federation,Rwanda,Samoa,San Marino,Sao Tome and Principe,Saudi Arabia,Senegal,Serbia,Seychelles,Sierra Leone,Singapore,Sint Maarten (Dutch part),Slovak Republic,Slovenia,Solomon Islands,Somalia,South Africa,South Sudan,Spain,Sri Lanka,St. Kitts and Nevis,St. Lucia,St. Martin (French part),St. Vincent and the Grenadines,Sudan,Suriname,Sweden,Switzerland,Syrian Arab Republic,Tajikistan,Tanzania,Thailand,Timor-Leste,Togo,Tonga,Trinidad and Tobago,Tunisia,Turkiye,Turkmenistan,Turks and Caicos Islands,Tuvalu,Uganda,Ukraine,United Arab Emirates,United Kingdom,United States,Uruguay,Uzbekistan,Vanuatu,"Venezuela, RB",Viet Nam,Virgin Islands (U.S.),West Bank and Gaza,"Yemen, Rep.",Zambia,Zimbabwe
1960,,,,,,,,,,,,,,,,,,,,,,,,,,,,,,,,,,,,,,,,,,,,,,,,,,,,,,,,,,,,,,,,,,,,,,,,,,,,,,,,,,,,,,,,,,,,,,,,,,,,,,,,,,,,,,,,,,,,,,,,,,,,,,,,,,,,,,,,,,,,,,,,,,,,,,,,,,,,,,,,,,,,,,,,,,,,,,,,,,,,,,,,,,,,,,,,,,,,,,,,,,,,,,,,,,,,,,,,,,
1961,,,,,,,,,,,,,,,,,,,,,,,,,,,,,,,,,,,,,,,,,,,,,,,,,,,,,,,,,,,,,,,,,,,,,,,,,,,,,,,,,,,,,,,,,,,,,,,,,,,,,,,,,,,,,,,,,,,,,,,,,,,,,,,,,,,,,,,,,,,,,,,,,,,,,,,,,,,,,,,,,,,,,,,,,,,,,,,,,,,,,,,,,,,,,,,,,,,,,,,,,,,,,,,,,,,,,,,,,,
1962,,,,,,,,,,,,,,,,,,,,,,,,,,,,,,,,,,,,,,,,,,,,,,,,,,,,,,,,,,,,,,,,,,,,,,,,,,,,,,,,,,,,,,,,,,,,,,,,,,,,,,,,,,,,,,,,,,,,,,,,,,,,,,,,,,,,,,,,,,,,,,,,,,,,,,,,,,,,,,,,,,,,,,,,,,,,,,,,,,,,,,,,,,,,,,,,,,,,,,,,,,,,,,,,,,,,,,,,,,
1963,,,,,,,,,,,,,,,,,,,,,,,,,,,,,,,,,,,,,,,,,,,,,,,,,,,,,,,,,,,,,,,,,,,,,,,,,,,,,,,,,,,,,,,,,,,,,,,,,,,,,,,,,,,,,,,,,,,,,,,,,,,,,,,,,,,,,,,,,,,,,,,,,,,,,,,,,,,,,,,,,,,,,,,,,,,,,,,,,,,,,,,,,,,,,,,,,,,,,,,,,,,,,,,,,,,,,,,,,,
1964,,,,,,,,,,,,,,,,,,,,,,,,,,,,,,,,,,,,,,,,,,,,,,,,,,,,,,,,,,,,,,,,,,,,,,,,,,,,,,,,,,,,,,,,,,,,,,,,,,,,,,,,,,,,,,,,,,,,,,,,,,,,,,,,,,,,,,,,,,,,,,,,,,,,,,,,,,,,,,,,,,,,,,,,,,,,,,,,,,,,,,,,,,,,,,,,,,,,,,,,,,,,,,,,,,,,,,,,,,
1965,,,,,,,,,,,,,,,,,,,,,,,,,,,,,,,,,,,,,,,,,,,,,,,,,,,,,,,,,,,,,,,,,,,,,,,,,,,,,,,,,,,,,,,,,,,,,,,,,,,,,,,,,,,,,,,,,,,,,,,,,,,,,,,,,,,,,,,,,,,,,,,,,,,,,,,,,,,,,,,,,,,,,,,,,,,,,,,,,,,,,,,,,,,,,,,,,,,,,,,,,,,,,,,,,,,,,,,,,,
1966,,,,,,,,,,,,,,,,,,,,,,,,,,,,,,,,,,,,,,,,,,,,,,,,,,,,,,,,,,,,,,,,,,,,,,,,,,,,,,,,,,,,,,,,,,,,,,,,,,,,,,,,,,,,,,,,,,,,,,,,,,,,,,,,,,,,,,,,,,,,,,,,,,,,,,,,,,,,,,,,,,,,,,,,,,,,,,,,,,,,,,,,,,,,,,,,,,,,,,,,,,,,,,,,,,,,,,,,,,
1967,,,,,,,,,,,,,,,,,,,,,,,,,,,,,,,,,,,,,,,,,,,,,,,,,,,,,,,,,,,,,,,,,,,,,,,,,,,,,,,,,,,,,,,,,,,,,,,,,,,,,,,,,,,,,,,,,,,,,,,,,,,,,,,,,,,,,,,,,,,,,,,,,,,,,,,,,,,,,,,,,,,,,,,,,,,,,,,,,,,,,,,,,,,,,,,,,,,,,,,,,,,,,,,,,,,,,,,,,,
1968,,,,,,,,,,,,,,,,,,,,,,,,,,,,,,,,,,,,,,,,,,,,,,,,,,,,,,,,,,,,,,,,,,,,,,,,,,,,,,,,,,,,,,,,,,,,,,,,,,,,,,,,,,,,,,,,,,,,,,,,,,,,,,,,,,,,,,,,,,,,,,,,,,,,,,,,,,,,,,,,,,,,,,,,,,,,,,,,,,,,,,,,,,,,,,,,,,,,,,,,,,,,,,,,,,,,,,,,,,
1969,,,,,,,,,,,,,,,,,,,,,,,,,,,,,,,,,,,,,,,,,,,,,,,,,,,,,,,,,,,,,,,,,,,,,,,,,,,,,,,,,,,,,,,,,,,,,,,,,,,,,,,,,,,,,,,,,,,,,,,,,,,,,,,,,,,,,,,,,,,,,,,,,,,,,,,,,,,,,,,,,,,,,,,,,,,,,,,,,,,,,,,,,,,,,,,,,,,,,,,,,,,,,,,,,,,,,,,,,,
1970,,,,,,,,,,,,,,,,,,,,,,,,,,,,,,,,,,,,,,,,,,,,,,,,,,,,,,,,,,,,,,,,,,,,,,,,,,,,,,,,,,,,,,,,,,,,,,,,,,,,,,,,,,,,,,,,,,,,,,,,,,,,,,,,,,,,,,,,,,,,,,,,,,,,,,,,,,,,,,,,,,,,,,,,,,,,,,,,,,,,,,,,,,,,,,,,,,,,,,,,,,,,,,,,,,,,,,,,,,
1971,,,,,,,,,,,,,,,,,,,,,,,,,,,,,,,,,,,,,,,,,,,,,,,,,,,,,,,,,,,,,,,,,,,,,,,,,,,,,,,,,,,,,,,,,,,,,,,,,,,,,,,,,,,,,,,,,,,,,,,,,,,,,,,,,,,,,,,,,,,,,,,,,,,,,,,,,,,,,,,,,,,,,,,,,,,,,,,,,,,,,,,,,,,,,,,,,,,,,,,,,,,,,,,,,,,,,,,,,,
1972,,,,,,,,,,,,,,,,,,,,,,,,,,,,,,,,,,,,,,,,,,,,,,,,,,,,,,,,,,,,,,,,,,,,,,,,,,,,,,,,,,,,,,,,,,,,,,,,,,,,,,,,,,,,,,,,,,,,,,,,,,,,,,,,,,,,,,,,,,,,,,,,,,,,,,,,,,,,,,,,,,,,,,,,,,,,,,,,,,,,,,,,,,,,,,,,,,,,,,,,,,,,,,,,,,,,,,,,,,
1973,,,,,,,,,,,,,,,,,,,,,,,,,,,,,,,,,,,,,,,,,,,,,,,,,,,,,,,,,,,,,,,,,,,,,,,,,,,,,,,,,,,,,,,,,,,,,,,,,,,,,,,,,,,,,,,,,,,,,,,,,,,,,,,,,,,,,,,,,,,,,,,,,,,,,,,,,,,,,,,,,,,,,,,,,,,,,,,,,,,,,,,,,,,,,,,,,,,,,,,,,,,,,,,,,,,,,,,,,,
1974,,,,,,,,,,,,,,,,,,,,,,,,,,,,,,,,,,,,,,,,,,,,,,,,,,,,,,,,,,,,,,,,,,,,,,,,,,,,,,,,,,,,,,,,,,,,,,,,,,,,,,,,,,,,,,,,,,,,,,,,,,,,,,,,,,,,,,,,,,,,,,,,,,,,,,,,,,,,,,,,,,,,,,,,,,,,,,,,,,,,,,,,,,,,,,,,,,,,,,,,,,,,,,,,,,,,,,,,,,
1975,,,,,,,,,,,,,,,,,,,,,,,,,,,,,,,,,,,,,,,,,,,,,,,,,,,,,,,,,,,,,,,,,,,,,,,,,,,,,,,,,,,,,,,,,,,,,,,,,,,,,,,,,,,,,,,,,,,,,,,,,,,,,,,,,,,,,,,,,,,,,,,,,,,,,,,,,,,,,,,,,,,,,,,,,,,,,,,,,,,,,,,,,,,,,,,,,,,,,,,,,,,,,,,,,,,,,,,,,,
1976,,,,,,,,,,,,,,,,,,,,,,,,,,,,,,,,,,,,,,,,,,,,,,,,,,,,,,,,,,,,,,,,,,,,,,,,,,,,,,,,,,,,,,,,,,,,,,,,,,,,,,,,,,,,,,,,,,,,,,,,,,,,,,,,,,,,,,,,,,,,,,,,,,,,,,,,,,,,,,,,,,,,,,,,,,,,,,,,,,,,,,,,,,,,,,,,,,,,,,,,,,,,,,,,,,,,,,,,,,
1977,,,,,,,,,,,,,,,,,,,,,,,,,,,,,,,,,,,,,,,,,,,,,,,,,,,,,,,,,,,,,,,,,,,,,,,,,,,,,,,,,,,,,,,,,,,,,,,,,,,,,,,,,,,,,,,,,,,,,,,,,,,,,,,,,,,,,,,,,,,,,,,,,,,,,,,,,,,,,,,,,,,,,,,,,,,,,,,,,,,,,,,,,,,,,,,,,,,,,,,,,,,,,,,,,,,,,,,,,,
1978,,,,,,,,,,,,,,,,,,,,,,,,,,,,,,,,,,,,,,,,,,,,,,,,,,,,,,,,,,,,,,,,,,,,,,,,,,,,,,,,,,,,,,,,,,,,,,,,,,,,,,,,,,,,,,,,,,,,,,,,,,,,,,,,,,,,,,,,,,,,,,,,,,,,,,,,,,,,,,,,,,,,,,,,,,,,,,,,,,,,,,,,,,,,,,,,,,,,,,,,,,,,,,,,,,,,,,,,,,
1979,,,,,,,,,,,,,,,,,,,,,,,,,,,,,,,,,,,,,,,,,,,,,,,,,,,,,,,,,,,,,,,,,,,,,,,,,,,,,,,,,,,,,,,,,,,,,,,,,,,,,,,,,,,,,,,,,,,,,,,,,,,,,,,,,,,,,,,,,,,,,,,,,,,,,,,,,,,,,,,,,,,,,,,,,,,,,,,,,,,,,,,,,,,,,,,,,,,,,,,,,,,,,,,,,,,,,,,,,,
1980,,,,,,,,,,,,,,,,,,,,,,,,,,,,,,,,,,,,,,,,,,,,,,,,,,,,,,,,,,,,,,,,,,,,,,,,,,,,,,,,,,,,,,,,,,,,,,,,,,,,,,,,,,,,,,,,,,,,,,,,,,,,,,,,,,,,,,,,,,,,,,,,,,,,,,,,,,,,,,,,,,,,,,,,,,,,,,,,,,,,,,,,,,,,,,,,,,,,,,,,,,,,,,,,,,,,,,,,,,
1981,,,,,,,,,,,,,,,,,,,,,,,,,,,,,,,,,,,,,,,,,,,,,,,,,,,,,,,,,,,,,,,,,,,,,,,,,,,,,,,,,,,,,,,,,,,,,,,,,,,,,,,,,,,,,,,,,,,,,,,,,,,,,,,,,,,,,,,,,,,,,,,,,,,,,,,,,,,,,,,,,,,,,,,,,,,,,,,,,,,,,,,,,,,,,,,,,,,,,,,,,,,,,,,,,,,,,,,,,,
1982,,,,,,,,,,,,,,,,,,,,,,,,,,,,,,,,,,,,,,,,,,,,,,,,,,,,,,,,,,,,,,,,,,,,,,,,,,,,,,,,,,,,,,,,,,,,,,,,,,,,,,,,,,,,,,,,,,,,,,,,,,,,,,,,,,,,,,,,,,,,,,,,,,,,,,,,,,,,,,,,,,,,,,,,,,,,,,,,,,,,,,,,,,,,,,,,,,,,,,,,,,,,,,,,,,,,,,,,,,
1983,,,,,,,,,,,,,,,,,,,,,,,,,,,,,,,,,,,,,,,,,,,,,,,,,,,,,,,,,,,,,,,,,,,,,,,,,,,,,,,,,,,,,,,,,,,,,,,,,,,,,,,,,,,,,,,,,,,,,,,,,,,,,,,,,,,,,,,,,,,,,,,,,,,,,,,,,,,,,,,,,,,,,,,,,,,,,,,,,,,,,,,,,,,,,,,,,,,,,,,,,,,,,,,,,,,,,,,,,,
1984,,,,,,,,,,,,,,,,,,,,,,,,,,,,,,,,,,,,,,,,,,,,,,,,,,,,,,,,,,,,,,,,,,,,,,,,,,,,,,,,,,,,,,,,,,,,,,,,,,,,,,,,,,,,,,,,,,,,,,,,,,,,,,,,,,,,,,,,,,,,,,,,,,,,,,,,,,,,,,,,,,,,,,,,,,,,,,,,,,,,,,,,,,,,,,,,,,,,,,,,,,,,,,,,,,,,,,,,,,
1985,,,,,,,,,,,,,,,,,,,,,,,,,,,,,,,,,,,,,,,,,,,,,,,,,,,,,,,,,,,,,,,,,,,,,,,,,,,,,,,,,,,,,,,,,,,,,,,,,,,,,,,,,,,,,,,,,,,,,,,,,,,,,,,,,,,,,,,,,,,,,,,,,,,,,,,,,,,,,,,,,,,,,,,,,,,,,,,,,,,,,,,,,,,,,,,,,,,,,,,,,,,,,,,,,,,,,,,,,,
1986,,,,,,,,,,,,,,,,,,,,,,,,,,,,,,,,,,,,,,,,,,,,,,,,,,,,,,,,,,,,,,,,,,,,,,,,,,,,,,,,,,,,,,,,,,,,,,,,,,,,,,,,,,,,,,,,,,,,,,,,,,,,,,,,,,,,,,,,,,,,,,,,,,,,,,,,,,,,,,,,,,,,,,,,,,,,,,,,,,,,,,,,,,,,,,,,,,,,,,,,,,,,,,,,,,,,,,,,,,
1987,,,,,,,,,,,,,,,,,,,,,,,,,,,,,,,,,,,,,,,,,,,,,,,,,,,,,,,,,,,,,,,,,,,,,,,,,,,,,,,,,,,,,,,,,,,,,,,,,,,,,,,,,,,,,,,,,,,,,,,,,,,,,,,,,,,,,,,,,,,,,,,,,,,,,,,,,,,,,,,,,,,,,,,,,,,,,,,,,,,,,,,,,,,,,,,,,,,,,,,,,,,,,,,,,,,,,,,,,,
1988,,,,,,,,,,,,,,,,,,,,,,,,,,,,,,,,,,,,,,,,,,,,,,,,,,,,,,,,,,,,,,,,,,,,,,,,,,,,,,,,,,,,,,,,,,,,,,,,,,,,,,,,,,,,,,,,,,,,,,,,,,,,,,,,,,,,,,,,,,,,,,,,,,,,,,,,,,,,,,,,,,,,,,,,,,,,,,,,,,,,,,,,,,,,,,,,,,,,,,,,,,,,,,,,,,,,,,,,,,
1989,,,,,,,,,,,,,,,,,,,,,,,,,,,,,,,,,,,,,,,,,,,,,,,,,,,,,,,,,,,,,,,,,,,,,,,,,,,,,,,,,,,,,,,,,,,,,,,,,,,,,,,,,,,,,,,,,,,,,,,,,,,,,,,,,,,,,,,,,,,,,,,,,,,,,,,,,,,,,,,,,,,,,,,,,,,,,,,,,,,,,,,,,,,,,,,,,,,,,,,,,,,,,,,,,,,,,,,,,,
1990,,,,,,,,,,,,,,,,,,,,,,,,,,,,,,,,,,,,,,,,,,,,,,,,,,,,,,,,,,,,,,,,,,,,,,,,,,,,,,,,,,,,,,,,,,,,,,,,,,,,,,,,,,,,,,,,,,,,,,,,,,,,,,,,,,,,,,,,,,,,,,,,,,,,,,,,,,,,,,,,,,,,,,,,,,,,,,,,,,,,,,,,,,,,,,,,,,,,,,,,,,,,,,,,,,,,,,,,,,
1991,,,,,,,,,,,,,,,,,,,,,,,,,,,,,,,,,,,,,,,,,,,,,,,,,,,,,,,,,,,,,,,,,,,,,,,,,,,,,,,,,,,,,,,,,,,,,,,,,,,,,,,,,,,,,,,,,,,,,,,,,,,,,,,,,,,,,,,,,,,,,,,,,,,,,,,,,,,,,,,,,,,,,,,,,,,,,,,,,,,,,,,,,,,,,,,,,,,,,,,,,,,,,,,,,,,,,,,,,,
1992,,,,,,,,,,,,,,,,,,,,,,,,,,,,,,,,,,,,,,,,,,,,,,,,,,,,,,,,,,,,,,,,,,,,,,,,,,,,,,,,,,,,,,,,,,,,,,,,,,,,,,,,,,,,,,,,,,,,,,,,,,,,,,,,,,,,,,,,,,,,,,,,,,,,,,,,,,,,,,,,,,,,,,,,,,,,,,,,,,,,,,,,,,,,,,,,,,,,,,,,,,,,,,,,,,,,,,,,,,
1993,,,,,,,,,,,,,,,,,,,,,,,,,,,,,,,,,,,,,,,,,,,,,,,,,,,,,,,,,,,,,,,,,,,,,,,,,,,,,,,,,,,,,,,,,,,,,,,,,,,,,,,,,,,,,,,,,,,,,,,,,,,,,,,,,,,,,,,,,,,,,,,,,,,,,,,,,,,,,,,,,,,,,,,,,,,,,,,,,,,,,,,,,,,,,,,,,,,,,,,,,,,,,,,,,,,,,,,,,,
1994,,,,,,,,,,,,,,,,,,,,,,,,,,,,,,,,,,,,,,,,,,,,,,,,,,,,,,,,,,,,,,,,,,,,,,,,,,,,,,,,,,,,,,,,,,,,,,,,,,,,,,,,,,,,,,,,,,,,,,,,,,,,,,,,,,,,,,,,,,,,,,,,,,,,,,,,,,,,,,,,,,,,,,,,,,,,,,,,,,,,,,,,,,,,,,,,,,,,,,,,,,,,,,,,,,,,,,,,,,
1995,,,,,,,,,,,,91.87725067,,,,,,,,,,,,,,,,,,,,,,,,,,,,,,,,,,,,,,,,,,,,,,,,,,,,,,,,,,,,,,,,,,,,,,,,,,,,,,,,,,,,,,,,,,,,,,,,,,,,,,,,,,,,,,,,,,,,,,,,,,,,,,,,,,,,,,,,,,,,,,,,,,,,,,,,,,,,,,,,,,,,,,,,,,,,,,,,,,,,,,,,,,,,,,,,,,,,,,,,,,,,,,
1996,,,,,,,,,,,,92.099649046,,,,,,,,,,,,,,,,,,,,,,,,,,,,,,,,,,,,,,,,,,,,,,,,,,,,,,,,,,,,,,,,,,,,,,,,,,,,,,,,,,,,,,,,,,,,,,,,,,,,,,,,,,,,,,,,,,,,,,,,,,,,,,,,,,,,,,,,,,,,,,,,,,,,,,,,,,,,,,,,,,,,,,,,,,,,,,,,,,,,,,,,,,,,,,,,,,,,,,,,,,,,,,
1997,,,,,,,,,,,,92.322047422,,,,,,,,,,,,,,,,,,,,,,,,,,,,,,,,,,,,,,,,,,,,,,,,,,,,,,,,,,,,,,,,,,,,,,,,,,,,,,,,,,,,,,,,,,,,,,,,,,,,,,,,,,,,,,,,,,,,,,,,,,,,,,,,,,,,,,,,,,,,,,,,,,,,,,,,,,,,,,,,,,,,,,,,,,,,,,,,,,,,,,,,,,,,,,,,,,,,,,,,,,,,,,
1998,,,,,,,,,95.34345245,,99.25640869,92.544445798,92.46520233,,,,,,,,,98.43086243,,,,,,95.21350861,,,,,,,,,96.08072662,,,,,,,,93.99252319,,,,84.6579895,,,,,90.96408844,94.19284821,,,,,,,,,,,,,,,90.78465271,,,,,90.9992218,,,79.05599976,,,,,,34.58248138,,,,,91.7857132,,,,,,93.13868713,,88.21482086,93.53515625,,88.17875671,,,,,,79.2975769,,,,,,,,,,,,,,,,78.26509094,,,88.69551086,,,,,,,91.14659882,97.4491272,,90.82038879,,,,,,93.4085083,,,,,,,,87.29634094,,,,,,,88.6728363,93.45329285,90.68019867,92.30782318,,,93.9384079,,,,,,,,,,,,,,,,,,,,,64.67420197,,,,,,100.0,89.26040649,,,,,,80.79299927,,,,,,90.47618866,,,97.07492828,,95.08956909,,,,85.06546783,,,,,,,
1999,,,,,,,,,96.40743509666667,,98.73861694,92.766844174,93.63761902,,,,,90.73188782,,,,89.900249485,,,,,,94.87458801,,,,,93.86367798,,,,95.84736633,,,,,91.55490875,88.52424622,,94.34583775823528,,,,89.10955048,,,,,91.18202972,93.44580078,99.4296875,,,,,,,,,,54.21073151,,,93.11000061,90.86791470157895,,,,,91.10351889285714,,,79.79010773,,,,,,37.864952719166666,,,,,91.79572296,,98.1342926,,,,90.98387909,,91.32668304,92.769374845,,87.50534821,84.23700714,,,,,82.17372131,,,,,96.4043808,,73.57218933,,,,,,,,,73.70722198,,,90.1410236325,,,,,,,90.84976196,97.79409027,,90.70960236,,,,,,88.53179169,,,,,,,,87.53179932,,,,,,88.86086273,88.31983948,92.86883545,90.3771286,93.07108307,,,93.10086568333334,,76.52278137,,,,,,,,,,,95.80137634,,,,,,90.19007111,,65.53909726055555,98.32720947,,,,,100.0,89.12229919,,90.03388214,,,,85.38415146,,,87.18380737,,,72.75382996,,,94.38380432,,94.27716064,,93.04226685,,79.10312653,,,,,,,
2000,,,,,,,,,97.47141774333332,,85.74652863,92.98924255,95.103508,99.10027313,,,,99.89320374,,,,81.36963654,,,,,,93.85858917,,,,,94.245250705,,,,96.39845276,,,,,87.18878174,,,94.69915232647058,,,,90.22656141285714,,92.09062195,,91.79486847,91.91177368,92.12297058,98.66233826,,,94.77924347,,93.33000946,,48.59397888,,,55.886830142,,,93.32675171,90.95117669315788,,,,,91.20781598571428,,,81.87309265,,,,,,41.14742405833333,,,,,90.28192139,,96.10655212,,91.39997101,,88.90141296,,91.89003754,92.00359344,,88.10959625,84.68741338294117,,,,,82.41268067882353,,,,,94.16937256,,82.45734024000001,,,,,,,,,65.18752289,,,91.586536405,,,,,,,91.99285126,99.18817139,,,,,92.84001923,,,88.44950104,,,,,,,,89.31929779,,,,,,92.90457916,95.52861786,92.28437805,92.94727325,94.5352478,,,92.26332346666666,,79.70279694,,,,,,,,100.0,,,95.24359894,,,,,,91.04994202,,66.40399255111112,98.88629913,,72.00824738,,,100.0,91.03620148,,89.7829794875,,,,89.97530365,,,85.51467896,,,60.13069916,,,91.69268036,,94.85032654,,95.25489044,,82.38189697,,,,,,97.3151474,
2001,,,,,,,,,98.53540039,,96.05522919,92.89208711571428,96.45974731,98.77787781,,,,99.31194305,,,74.33400726,71.99983978,,,,,,92.31028748,84.65499878,,98.97931671,,94.62682343,,,,96.58566284,,,,,86.628746035,,,95.05246689470589,,,100.0,91.34357234571428,,88.92945099,,90.40776825,90.76966858,91.75530243,98.34707642,,93.06417847,94.91189655578948,,90.434913635,,56.98942184,85.56961823,,57.562928774,,,92.28312683,91.03443868473684,,,,,91.31211307857144,99.78669739,,81.03987122,,,,,,44.4298953975,,,,,89.81835938,,95.88828786,,91.59667969,,87.36470032,,92.45459747,92.39205933,,88.82375336,85.13781962588236,,,,,82.65164004764706,,,,,93.10884857,99.14772034,91.34249115,,,,,82.48413849,,,,60.21279907,,,93.0320491775,,,,96.93630981,,,92.2416877775,97.128314975,,,,,93.472983555,,,87.52310944,,,,,,,,89.99381256,,,,96.56902313,,94.390785215,92.13835907,90.27631378,93.29167938,94.22193909,,,91.42578125,,58.23764038,,,,,,,,99.69005584714286,,,93.82678223,,,,,,91.135849,,67.26888784166667,98.9890289275,,82.38034439500001,,,100.0,90.83512878,,89.532076835,,,,90.87166765,,,86.39203644,,,68.21308899,,,92.12680608636364,,92.28891754,,93.83856201,,52.77312851,,,,,,97.5376586925,
2002,,,,,,,,96.14909363,99.06062317,,88.90766907,92.79493168142857,95.87841797,97.98236847,,,,89.34382629,,,77.508052825,73.933280945,,,,,,91.03301239,87.31750488333333,,96.28614044,,90.3552475,,,,96.86862946,,,,,86.06871033,,96.83647156,95.40578146294118,,,100.0,92.46058327857142,91.09684753,83.4990921,,88.11370087,89.48332214,92.28961945,97.6697998,,93.29007721,95.04454964157894,,87.53981781,,39.58060837,85.04180145,,59.239027406000005,,,91.65490723,91.1177006763158,,,,,91.41641017142857,96.24152883,,83.29090118,,,,,,47.71236673666667,84.72618103,,,,89.54157257,,95.6700236,,91.79338837,,89.39202118,,92.45394897,91.63932037,91.31272125,89.18978119,85.58822586882353,93.05293274,,,,82.8905994164706,,93.56105804,,,86.49635315,96.29219055,92.33233969571428,,,,,82.9440807009091,,,,58.3118782,,,94.47756195,97.59458923,,,97.23802948,,,92.490524295,95.06845856,,,,,94.10594788,,,86.75447845,,,90.80338287,,,97.91786957,,90.50888824,85.64788055,,,79.02948761,,95.87699127,95.66574097,96.73085785,94.11193848,95.02674103,,,89.75061798,,64.27379862333333,,,,,,,90.29190826,99.38011169428572,,,94.07337189,,,,,,90.46807098,,68.13378313222222,99.091758725,,92.75244141,,,97.31969452,90.06210327,,89.28117418250001,,,,91.76803165,,,88.39894867,,,70.84938049,,,92.56093181272728,,93.0282135,,92.42223358,,59.34240286714286,,,,,,97.760169985,
2003,,,,,,,,95.96262359857144,99.18782043,,91.53642527333334,92.69777624714284,97.0668869,98.03318787,,,,88.91442108,,,80.68209839,75.86672211,,,,,,92.54956436,89.98001098666667,,96.32324219,,81.89840317,,,,96.37669627333332,,,,,89.20166016,,95.59115982,95.75909603117648,,,99.71496691,93.57759421142858,92.67652893,84.769737245,,85.78412628,90.84902954,93.38137054,98.23381805,,94.948368075,95.17720272736842,,90.08876038,,48.944749835,89.78801727,,60.915126038,,,91.28643036,91.20096266789474,,,,,91.52070726428572,92.69636027,,78.16490173,,90.50520325,,,,50.994838075833336,87.05690384,,,,92.32678986,,95.45175934,,92.10849484818182,,92.66665649,,92.40631866,91.98342896,93.42132187,88.89958954,86.03863211176471,93.563137055,,,,83.12955878529412,,93.12905883333332,,,91.14546967,96.28970337,93.32218824142858,,,,95.50907135,83.40402291181819,,,,65.81027222,,,94.447776795,92.846506115,,,96.87809753,,,92.7393608125,95.560220339,,,,,94.738912205,,,87.1675415,,,90.52275275875,,,,,89.05615234,85.89098704545454,,,80.16663487833334,,96.0002594,93.52725983,97.38162231,94.05290222,96.71066284,,,91.92211914,,70.30995686666667,,,,,,,91.12130737,99.07016754142856,,,93.26983643,90.37854004,,,97.87264252,,88.95581055,,68.99867842277777,99.1944885225,,83.98413849,,,94.63938904,90.31545258,,89.03027153000001,,,,92.66439565,,,88.66410700499999,,,74.96367645,,,92.99505753909092,,93.91741943,,92.72200775,,65.91167722428571,,,,,,97.9826812775,
2004,,,,,,,,95.77615356714286,99.15782166,,94.16518147666666,92.60062081285714,95.23950195,97.69516754,,,,90.98284912,95.2496109,,,79.42736816,,,,,,94.06611633,92.64251709,,93.10639191,,73.44155884,83.31471252,,,95.88476308666668,,,,,85.27187347,,94.34584808,96.11241059941176,,,99.42993382,94.69460514428572,95.57145691,86.04038239,,89.41034698,90.42597961,93.85218048,97.39203644,,96.60665894,95.3098558131579,,92.12457657,,58.3088913,90.49976349,,62.59122467,,,91.00417328,91.28422465947368,,,,,91.62500435714286,89.15119171,,79.25257874,,,,,,54.277309415000005,89.38762665,,,,93.58071136,90.30063629,95.40070343,,92.42360132636364,,93.23621368,,92.8359375,92.10381317,95.52992249,89.45787811,86.48903835470588,94.07334137,,,,83.36851815411765,,92.69705962666669,,,91.62153625,96.28721619,94.31203678714286,,,,94.34799957,83.86396512272728,,,,86.91620636,,,94.41799164,88.098423,,,96.83457947,,,92.98819733,96.051982118,,,,,95.37187653,,,87.32930756,,,90.2421226475,,,,,89.08535004,86.13409354090909,,,81.30378214666666,,95.56517792,93.92778015,96.71959686,93.42529297,96.79296875,,,94.05827332,,76.34611511,,,,,,,89.58000437333334,98.76022338857142,,,94.58943939,90.48822021,,,92.530067445,,90.16741943,,69.86357371333334,99.29721832,,75.21583557,,,94.66203308,90.91430664,,88.7793688775,,,,93.56075965,,,88.92926534,,,79.07797241,,74.79846954,93.42918326545454,,92.06787109,,87.79129028,,72.48095158142857,,,,,,98.20519257,
2005,,,,,,,,95.58968353571429,98.33563614,,96.79393768,92.50346537857143,95.27510834,98.35965729,,,,96.0220108,95.24446869,97.20800018,,86.29342651,,,,,,93.86739349,100.0,,89.88954163,,77.3637447375,84.56381989,,,95.3928299,,97.75261688,,,95.58857727,,96.23056538666668,96.46572516764708,,,99.14490073,95.81161607714286,95.28213755333331,86.8236084,,86.62361145,90.34034729,94.71839142,97.30641937,,91.88202667666668,95.44250889894737,,94.16039276,,69.360855105,90.06800333777778,,64.267323302,,,92.97541046,91.36748665105264,,,,,91.72930145,85.25978088,,78.3214035,,,,,,57.55978075416667,85.38715363,,,,92.63583374,91.49449921,95.18502045,,92.73870780454546,,91.56111908,,93.86860657,92.80586243,94.291889195,90.93511963,86.93944459764705,93.81385803,,,,83.60747752294118,,92.26506042,94.60875702,,89.55195999,96.31754303,95.30188533285714,,,,93.15647125,84.32390733363637,,68.22241974,,85.41684468666666,,,93.81165822333332,83.350339885,,,96.90300751,,,93.764271548,96.543743897,,,77.36460876,,96.004840855,,,87.30075073,,,89.96149253624999,,,,,89.34336853,86.37720003636363,61.53754044,,82.440929415,,94.31053161666668,90.56478119,96.55040741,93.11974335,96.40022278,,,93.53524017,,82.38227335333333,,,,,,,88.03870137666667,98.45027923571428,,,94.36422729,90.02819824,,,87.18749237,,90.15789032,,70.72846900388889,86.48804855,,66.44753265,,,93.36643982,90.85312653,,88.528466225,,,,94.45712365,,,89.194423675,,,83.19226837,,76.710768124,93.86330899181816,,92.00871277,,95.27754211,,79.05022593857143,,,,,,96.86818140545454,
2006,,,,,93.76538849,93.63365173,75.65036774,95.40321350428572,97.51345062,,98.39696884,92.40630994428572,95.88922119,96.55867767,,,,95.44007492,93.5872879,96.76818593,,86.74726868,,,87.95330811,,,94.06816101,96.46606064,,91.49952698,,81.285930635,78.55069733,,,93.77896881,100.0,98.399002075,,,95.04004669,,98.11528269333331,96.81903973588236,,,98.85986764,96.92862701,94.99281819666666,88.90405273,,87.9681015,89.57499695,94.60050201,96.62322235,,87.15739441333334,95.57516198473684,,87.57659912,,80.41281891,89.63624318555556,,65.943421934,,,92.45343781,91.45074864263158,,,,,91.83359854285716,82.0617981,,79.056713864,,,,92.20224762,,60.842252093333336,85.30246735,,,,92.37454987,90.01126862,95.00180020675997,,93.05381428272727,,91.95168304,,93.95480347,94.30815887,93.0538559,90.53965759,87.38985084058824,92.07324982,,,,83.84643689176471,,,91.77461243,,87.48238373,96.36672211,96.29173387857142,,,,90.52683258,84.78384954454546,,71.83167267,,83.91748301333334,,,93.20532480666668,78.60225677,,,96.76209259,,97.01677704,94.540345766,97.035505676,,,73.19927979,,96.63780518,,,86.36846161,,,89.68086242499999,73.35848999,,,,89.32618713,86.62030653181817,75.4832077,,83.57807668333334,,93.05588531333332,90.74414063,95.04499054,90.50948334,96.10800171,,,82.27722931,,88.41843159666666,,,,,,,86.49739838,98.14033508285712,,,94.19374084,89.69721222,,,96.50003815,,88.36164856,,71.59336429444444,73.67887878,,83.223766325,,,93.69380188,91.47373962,,88.2775635725,,,,95.35348765,,,89.45958200999999,,,83.112548827,,78.623066708,94.29743471818182,,91.37677765,,94.25675201,,85.61950029571429,92.13694763,,,,,95.53117024090908,
2007,,,,,,95.625801085,,95.21674347285716,96.79376221,,100.0,92.30915451,96.27258301,94.68010712,,,79.97682953,94.85813904,93.74764252,96.32837168,,94.30213165,,,87.32758331,,,93.28881073,92.93212128,,82.40759277,64.66840363,85.2081165325,81.31937027000001,,,93.57315063,,99.04538727,,,95.34913635,,100.0,97.17235430411765,,,98.57483455,95.84342194,94.70349884,96.94474792,,88.9411087,89.381073,94.94255066,95.43718719,,82.43276215,95.70781507052632,,88.54782485999999,,87.99272393506106,89.20448303333333,,67.619520566,,,93.10160828,91.53401063421052,,,,,91.93789563571428,79.22971344,,79.792024228,,,,90.357147215,,64.1247234325,85.21778107,,,86.00145721,94.02815247,90.25697327,94.81893264146623,90.7598877,93.36892076090908,,90.35111237,,93.50775146,94.33688354,91.815822605,90.96672821,87.84025708352941,91.8012085,,,,84.08539626058824,,,87.31807709,,84.60861969,93.06033325,97.28158242428572,,,100.0,88.70150757,85.24379175545455,,73.29981995,,82.41812134,,,92.59899139,80.24823701846154,,,96.87026978,,90.50550842,95.316419984,97.527267455,,,74.45617803333334,,97.270769505,,,86.68566132,,,89.40023231375,81.90937805,,,,88.48023987,86.86341302727273,73.86248016,,84.71522395166666,,91.80123901,89.79139709,93.53957367,91.95755768,96.47766876,,,79.7452774,,94.45458984,,,,,,95.27932739,87.19719849,97.83039093,,,95.85980988,91.73932648,,,96.52555847,,87.7767334,,72.45825958500001,76.19149453,,100.0,,,93.62390137,92.51360321,,88.02666092000001,,,,96.24985165,,,89.724740345,,,83.032829284,,80.53536529200001,94.73156044454544,,93.9174118,,94.479962154,,92.18877465285716,97.34033203,,,,,94.19415907636365,
2008,,,,,,97.61795044,,95.03027344142858,96.14724731,,100.0,92.21199907571427,96.22892761,96.9865036,,,79.92144775,93.14247131,94.313922885,95.88855743,,96.30973816,,,86.51512146,,,92.25131226,94.18720292128089,,86.02793121,,89.13030243,84.08804321,,84.91490173,92.44956207,,97.72807312,,,97.22917175,,100.0,97.52566887235294,,,98.28980146,94.14237213,96.63276672,97.89093018,,85.06902313,89.95552063,94.72698212,94.99875926054168,,80.4660199119099,95.8404681563158,,89.5190506,,96.28712897352486,88.77272288111111,,69.295619198,,,92.92803192,91.61727262578948,,,57.53633118,,92.04219272857144,86.61405945,,80.527334592,,,,88.51204681,65.57037354,67.40719477166667,84.72964096,,,86.89642334,94.21999359,91.93852997,94.63641707525429,90.4150238,93.68402723909092,,90.83592224,,92.29199219,94.08988953,90.57778931,90.70198822,88.2906633264706,90.43369293,,,,84.32435562941177,,,86.52906036,,84.18203735,83.81626129,98.27143097,88.80165863,,100.0,90.91075134,85.70373396636364,,89.97310638,,99.43562317,,80.89631653,91.98596191,81.89421726692308,,,96.53112793,,86.6030426,96.092494202,98.019029234,,,75.71307627666667,,97.90373383,,,86.42907715,,,89.11960220249999,91.32408905,,,,88.6739502,87.10651952272727,74.12456893666666,,85.85237122,,92.36194610333334,83.7370224,88.23142242,92.16716766,96.46643066,,,78.9896698,,88.94213104,,,,,,96.286792755,87.8969986,97.6957016,,,95.28057861,88.8718338,,,96.88900757,,87.47151947,,73.32315487555556,78.70411028000001,,100.0,,,94.07666016,92.18582153,,87.77575826750001,,,,97.14621565,,,89.98989868,,,82.95310974099999,,82.44766387600001,95.16568617090908,,91.73252869,,94.703172298,,98.75804901,97.224155425,,,,74.2536087,92.85714791181816,
2009,,,,,,97.96737671,,94.84380341,96.04966736,,92.76809692,92.11484364142856,95.82597351,97.71743011,,,80.98143005,98.08202362,94.88020325,96.2678833,,94.27970886,,,87.06455994,,90.23574829,93.17867279,95.45923489044176,,90.99803925,,87.00955963,88.4163208,100.0,81.67746735,90.92619324,,98.301517485,,,97.03079987,,88.86676407,97.87898344058824,,,98.00476837,91.40724182,92.17807007,98.46585083,,88.06952667,88.84197998,94.14659119,94.56234542071644,,78.54620167503244,95.97312124210526,,89.59743754333333,,105.36338450900098,88.3409627288889,,70.97171783,,,93.74315643,91.70053461736842,,,62.61312103,,92.14648982142856,89.48175812,,81.262644956,,,,94.20852661,93.9631424,70.68966611083334,84.24150085,,,66.51509857,91.57745361,92.21784973,94.4542528305662,89.81136322,93.99913371727273,,91.46617889,,92.133461,94.76439667,100.0,88.71643448,88.74106956941176,91.02017212,,,,84.5633149982353,,,91.7129364,74.88404846,87.30648041,85.95240402,98.097164155,,,93.684020995,96.09031677,86.16367617727273,90.64243317,90.19108072666668,,84.50389099,99.73874664,77.5859375,94.39161682,83.54019751538462,,,95.91716003,,93.61029816,96.86856842,98.510791013,,,76.96997452,,98.536698155,,,87.85414886,,,88.83897209125,78.93929291,,,,87.53482056,87.34962601818182,74.38665771333334,,87.03702504565608,,92.92265319666666,80.81356049,91.77625275,92.41361237,93.75534058,,,86.24990845,,86.409229275,,,,,87.07592773,97.29425812,88.59679871,99.89682007,91.24128723,,94.3474884,90.05905151,,,96.21833801,,88.45355225,90.85592651,74.18805016611111,81.21672603,,100.0,,,93.97963715,91.48609161,,87.524855615,,,79.15110016,98.04257965,,,88.02487183,,,82.873390198,,84.35996246,95.59981189727272,,90.35804749,,94.926382442,,98.31304932,97.10797882,75.45007324,,,,91.52013674727272,
2010,,81.68141937,,,,98.31680298,,94.65842535530808,95.78050232,,96.38404846,92.01768820714284,95.0827179,97.46343231,,,90.233413695,93.8188324,89.07084656,96.2229538,,91.84848022,,,89.9677124,,,92.7514801,96.74844610774232,,94.9312973,,92.14295959,92.74459839,100.0,86.64293671,90.28829956,,98.87496185,68.67829895,,96.59023380625,,77.73352814,98.23229800882352,90.38336182,,97.71973528,93.0191803,93.55126953,99.10224915,,89.03708649,89.91665649,92.92581177,94.12793641801824,,76.67218789159608,96.10577432789474,,89.67582448666667,,115.29518964309383,87.90920257666667,,65.85267639,,,93.92497253,91.78379660894736,,,57.23836136,,92.25078691428573,83.08502197,,81.99795532,,,,99.90500641,92.29340363,73.97213745,91.25668335,,,87.32485962,89.63043976,93.36255646,94.2724392311484,88.0524826,94.31424019545454,,91.29411316,,91.6204071,95.17899323,98.4743309,86.73088074,89.19147581235293,90.60475922,,,,84.80227436705883,,,93.53433228,81.65782928,87.32115173,88.08854675,97.92289734,,,87.36804199,92.3712616,86.62361838818182,58.45774841,90.40905507333332,95.05098724,89.42819214,98.74221039,95.01931763,89.91529083,85.18617776384615,,86.47579956,96.08216858,,91.76059723,99.10975647,99.002552792,,,78.22687276333333,,99.16966248,,87.16870117,88.1191864,,,88.55834198,92.12785339,,,,88.6879425,87.59273251363636,74.64874649000001,,88.23802559146326,,93.48336029,79.07775879,90.86305248428584,90.69439697,96.20883179,,,89.23789978,,83.87632751,,100.0,,,90.85240936,97.36366272,89.29659882,97.47817993,90.79718781,,87.81799316,91.33601379,,,96.308113096,,89.22807312,85.44088745,75.05294545666666,83.72934178,,100.0,,,94.37927246,91.39543152,,87.2739529625,,96.72231293,90.28749084,89.39109802,,,89.64923096,,,82.793670655,,86.64264679,96.03393762363636,,88.58717346,,95.149592586,,98.37471580875,,74.69802856,,,,90.18312558272729,
2011,,82.62509155,,,,98.82409668,,94.47340963344048,95.42802048,,100.0,91.92053277285714,95.92864227,97.24793243,,,99.48539734,94.46180916,92.19554901,96.38166809,,90.63525009,,,90.07325745,,,93.88414764,98.05506858509249,,95.22863007,,95.61134338,93.466900636,99.95359039,92.24500275,89.55126953,,99.10400876210916,79.19608307,,96.1496677425,,79.10758209,98.58561257705882,87.96531169000001,,97.43470219,93.30944824,96.2857132,101.80774757208312,,89.7184906,87.39916229,96.33322144,93.69552304244614,,74.84288572483395,96.2384274136842,,89.75421143,,126.16319053134993,87.47744242444445,,66.55677032,,,92.8359375,91.86705860052632,,,65.9874115,,92.35508400714286,89.418365475,,82.733265684,,,,97.54730988,96.48339844,70.46006775,79.33686829,,,84.13182068,90.91072845,94.53565979,94.09097560204894,87.42565918,94.62934667363636,,93.30809021,,91.61830902,95.26046753,96.9486618,87.49195099,89.64188205529412,93.31233215,94.35032654,,,85.04123373588236,,,93.9167099,81.29319,87.71000671,86.93228149,97.748630525,,,94.59725952,88.34333038,87.08356059909092,43.43941879,90.62702942,99.39012146,94.35249329,98.55592346,92.28137207,92.4280777,86.83215801230769,,,96.09745789,,93.12860107,67.35121918,99.494314571,,,79.48377100666667,86.59017181,97.523061755,,86.12255096,88.18881226,,,88.280349110216,90.5480423,,,,89.85778809,87.8358390090909,74.91083526666667,,89.45559842142504,,92.07037354,79.55277252,89.95893882540419,91.11068726,97.24226379,,,91.23573303,,84.41075897,,100.0,,,87.07592773,97.43306732,89.99639893,98.81005096,92.30242157,,90.01277161,91.42310333,,,96.397888182,,89.22807312,83.2023468,75.91784074722223,86.24195753,,109.08106459682443,,,94.21822357,90.99284363,,87.02305031,,94.00016022,86.27377319,92.2216568,,,89.74801338562938,86.19094849,,82.713951112,,79.21240997,96.46806335,,93.84577179,,95.37280273,,98.4363822975,,76.88838959,,,,88.84611441818183,
2012,,84.92228699,,,,99.120880125,,94.2887555361954,95.07553864,63.95476913,100.0,91.82337733857143,96.0202713,98.29945374,,96.15100098,99.46163177,95.10478592,88.85500336,95.39502716,,89.42201996,,,88.3863678,,,92.01461029,99.37933746780628,,94.13838959,,98.09078217,94.189202882,100.0,89.317157745,90.889736175,,99.33358626848572,78.09152985,,95.70910167875,,77.71544647,98.93892714529412,85.54726156,,97.1496691,87.04328918,96.51815033,104.58710629274351,,93.09923172,90.73867035,91.04678345,93.2650961263088,100.0,73.05722841169269,96.37108049947368,,91.35798645,,138.0556352292113,87.04568227222222,,65.19364929,,,93.9919281,91.95032059210526,,,57.84104919,,92.4593811,95.75170898,,83.468576048,,,,96.56160736,86.93758774,66.89154053,85.38648224,,,81.78993225,95.64653015,94.23255157,93.90986126961516,86.6434021,94.94445315181818,,93.165731812,,91.04509735,95.90007019,97.9017334,88.98097992,90.09228829823527,91.79792786,94.42098999,,,85.28019310470589,,,94.5904007,72.64328766,87.55989838,99.81822205,97.57436371,,,,87.52156067,87.54350281,32.80998993,95.41159821,92.79412079,89.54891968,98.81069183,97.59842682,87.2233963,88.47813826076923,,,96.39357758,,93.35540771,57.08964157,99.98607635,,,80.74066925,85.43476613,95.87646103,,86.51661682,87.74037933,,,88.0032288858985,86.40920258,,,,90.7131424,88.07894550454546,75.17292404333332,,90.68997221204212,,91.61329651,75.55738831,89.06382135898832,92.25295258,89.54380035,,,92.11109924,90.87270355,92.4464035,,99.9672877,,,88.44911194,97.311073302,99.14276123,99.06313324,89.60054016,,92.3809967,91.45632172,,,96.487663268,,92.15519714,81.4079895,76.78273603777778,88.75457328,,118.98678653576587,,,94.35057831,91.33872986,,86.7721476575,,95.08770752,94.98738098,86.99108887,,,89.84690465734155,84.454422,66.30683899,82.63423156900001,,88.3138504,96.89511871,,95.584869385,,95.58352661,,98.49804878625,,79.70362854,,,,87.50910325363637,
2013,91.7975235,81.14800262,91.41316223,,,99.41766357,,94.10446235675528,94.14614105,77.35108185,100.0,91.72622190428572,95.45085907,95.64170074,,,96.0505504575,95.74776268,90.94242096,94.40838623,,92.50105286,,,85.57228851,,,93.76229095,100.72149107691948,,92.69834137,,100.93166480121177,94.911505128,100.0,86.38931274,92.22820282,,99.56369559826771,,,95.268535615,,72.64650726,99.29224171352942,83.12921143,,96.86463601,89.39962769,96.75058746,107.44234170336442,100.0,96.47997284,90.30155182,93.65685272,92.83664654403032,,71.31417464074644,96.50373358526316,,92.16402435333332,,151.06909026531827,86.61392212,,63.89757919,,99.86672974,94.21707153,92.0335825836842,,,,,92.60111237,94.76828003,,84.203886412,,,,96.73657227,77.39177704,49.23128128,85.6839527075723,,95.28701782,82.18768927499458,95.30657196,94.72823334,93.72909556149098,87.85687256,95.25955963,,93.023373414,,90.71401215,94.56848907,97.955257415,88.09777832,90.54269454117647,94.86074829,95.34638214,,,85.51915247352942,,,90.087883,85.40872192,87.38524628,101.53725009911352,97.400096895,,,,86.782951355,87.77068329,73.30300903,96.92458344,86.19812012,90.462883,99.38504028,97.52227783,85.28103638,90.12411850923075,,,95.60961151,,91.69309235,71.79878998,99.98697662,,,80.74066925,84.27936045,94.229860305,,87.9192276,87.82463837,,,87.72697856773226,81.23786926,,,,89.01154327,88.322052,75.43501282,,91.94137879526076,,92.1660728475,77.39366913,88.17761057032058,92.48900986,96.42746735,95.40870667,,93.557350155,91.7975235,90.12506104,,99.9345754,,,78.59075165,97.189079284,81.98906708,99.4569931,91.79641724,,92.82453156,87.99217224,,,96.577438354,98.74199677,94.15419006,78.28993988,77.64763132833333,91.26718903,,129.7920534827644,,,94.93353271,90.96659851,,86.52124500500001,,95.03530884,97.2021637,98.3050766,,,89.94590489507145,85.01080322,70.20479202375,82.554512026,,90.51586914,97.50614929,,97.32396698,,95.79425049,,98.559715275,,78.10723877,,95.32675171,,86.17209208909091,
2014,,80.69690704,91.67929077,,,98.90917969,,93.920529389684,93.02700806,73.96835327,100.0,91.62906647,95.0187912,96.11437225,,,92.639469145,96.39073944,91.28302765,95.17556763,,93.4101181,,,83.33701324,,,93.43430328,102.0817709520791,,93.4001903525,,103.85482442059488,95.633807374,99.45281219,86.78332960973087,92.29827881,,99.79433798344056,,,94.82796955125,,74.05142975,99.64555628176473,,,96.57960292,92.88704681,96.34191132,110.37552524295688,,97.24485016,88.85929108,93.63587189,92.41016521195668,,69.61270794495297,96.63638667105263,,92.97006225666668,,165.3092247607288,90.72646332,95.50092316,61.69786835,,,93.69287872,92.11684457526316,,,,,92.93862152,91.42440033,,84.939196776,,,,96.72180939,87.61369324,46.60226582491572,85.98245950638527,,,82.58738065360188,91.32807159,93.87541199,93.54867780661468,88.32183075,93.50113678,,92.881015016,,91.22537231,95.16190338,98.00878143,86.10178375,90.99310078411764,94.62532043,94.06358337,,,85.75811184235295,,,86.66760254,85.02516937,82.05419159,103.28588253681411,97.22583008,,,,86.04434204,88.20152283,87.80393219,98.39593664901348,97.10289001,94.24649048,99.30110168,97.11672974,92.24575043,91.77009875769232,,,95.70480347,,89.38466644,91.61258698,99.99662781,,,81.787248286368,83.12395477,92.58325958,,87.3272934,87.94785309,,,87.45159542500097,74.10186005,,,,89.25286865,85.93268585,75.6998686762298,,93.21005320201412,,92.718849185,79.52028656,87.3002178353807,92.72506714,97.18080902,95.37973785,68.12374115,95.00360107,90.36704254,89.668586735,,99.9018631,,,87.6476593,97.067085266,92.55956268,99.48188019,,,92.84658813,87.40135956,,,96.66721344,83.46189117,94.71495819,80.24086761,78.5125266188889,89.78652954500001,,141.57855370107916,,,94.89144897,90.03993988,,86.27034235250001,,94.32579041,95.96048737,97.69502258,,,90.04501421888628,83.28119659,74.1027450575,82.474792483,,87.44497681,97.78266907,,97.28891754,,95.87796783,,98.62138176375,,,,95.911499025,,84.83508092454547,
2015,,80.40733337,91.94541931,,,98.66561127,,93.73695593092434,89.2270813,100.0,100.0,92.33827209,94.51020813,97.81658936,,,89.2283878325,96.14122009,95.23313141,94.96034241,,91.6901474,98.53227997,85.99127197,86.64228058,,,96.0512619,103.46042189501163,,94.102039335,,106.86264391532256,96.35610962,99.34397774312056,87.17914356857739,92.24427795,,100.0255146588436,,,94.3874034875,,74.78050995,99.99887085,,,96.29456983,94.10917664,95.60809326,113.3887849009635,,95.87896729,92.13555908,92.417266845,91.98564308816312,,67.9518361088978,96.7690397568421,,93.77610016,,180.89166846109475,91.63037872,,60.01694184655176,,,91.15679932,92.20010656684212,,,,,93.20913696,91.97319505518954,,85.67450714,,,,96.21099854,87.67404175,44.11364326807355,86.28200624682236,,,82.98901579288118,93.66943359,94.49269104,93.36860733521613,88.13384247,95.80325317,,92.738656618,,90.82855225,95.02345276,97.66468048,87.380943295,91.44350702705884,96.53928375,92.53671265,,,85.99707121117648,,,84.3187027,87.58994608386661,84.37177277,105.06462919761206,97.051563265,,,,87.57543182,90.15305328,90.7833786,99.88962557708643,98.75279999,94.39024353,99.05512238,96.17725372,86.40641022,93.41607900615384,,,96.94082642,,92.4556427,92.18179321,99.99910736,,,82.84739331976748,81.96854909,91.44054247134676,,89.02562714,88.61257935,,,87.17707673556033,88.09973145,,,,87.71576691,83.5433197,75.96565445375154,,94.49623370636398,,93.2716255225,77.82533264,86.43155541198301,92.62841797,95.24771881,,72.11843872,94.31717682,92.78594971,89.21211243,,99.8691508,,,85.2678833,96.945091248,96.05963898,96.30280631142855,,,84.96594238,91.82383728,,,95.66297531,100.0,94.65103149,80.72923279,79.37742190944445,88.30587006,,154.43539361792398,,,94.91355896,89.75731659,,86.0194397,,,99.94831616904946,97.48253632,,,90.14423274898547,84.20475769,78.00069809125,82.39507294,,88.27060103550849,94.686042785,,97.38407898,91.34603119,96.17916107,,98.6830482525,,,,96.49624634,,83.49806976,
2016,,80.17840412844419,91.63761139,,,99.18147278,,93.55374127779513,89.19338226,90.70323181,100.0,92.40309209484607,93.75376129,98.0477066,,,85.81730652,95.89170074,96.03291321,94.44008636,,91.67643463451668,,,88.27332306,,,96.63198853,104.8576920135788,96.76885223,94.8038883175,,109.95757518519731,95.05690765,99.23526239731596,87.57676281296344,92.89116669,,100.25722686217668,,,93.94683742375,,77.50061798,100.3559796244911,,,96.00953674,93.42006683,95.706874845,116.48430676108951,,93.91876984,94.56498718,91.1986618,91.5630711722626,,66.33059059018088,96.90169284263158,,92.9761734,,197.94295064900743,92.94017029,,58.38181131605297,,,91.19625854,92.28336855842105,,,,,93.27955627,92.52528403934396,87.54576111,88.1142807,,,,97.43630981,87.67404175,41.75791644324776,86.58259655184484,,,83.39260414563964,92.56973267,95.47261047,93.1888834788145,88.15327929528736,95.89134979,,92.59629822,,90.57631683,96.44463348,97.32833862,88.66010284,91.89391327,95.94686127,,,,86.23603058,,,82.22836304,90.23208906046143,90.69477081,106.87400869617636,96.87729645,,,,93.12680817,90.635246275,91.94953156,101.4059892891986,96.93016815,91.92917633,99.30043793,96.38632965,84.6710968,95.06205925461538,,,96.69358063,,91.28990173,89.30314636,86.02999115,,,83.9212801957572,80.81314341,90.31192945015307,,89.40846309480993,89.17971802,,,86.90341978581107,94.81572723,,,,87.58760071,81.15395355,76.23237341756234,,95.8001618702521,,93.82440186,81.77664185,85.571536431002,94.79734802,95.7673645,,76.11313629,93.65467834,94.06613159,86.95731354,,99.8364385,,,95.01339722,96.82309723,94.77323151,93.12373243285714,,,94.74056244,87.24593353,,,94.65873718,100.0,95.44473267,71.01222229,80.2423172,90.1510671,,168.45977147272774,,,95.12352753,89.40428162,,85.77070935188863,,,104.1018671206888,97.57878113,,,90.24356060570092,85.78117371,81.898651125,81.98411306,,89.1040205099451,91.5894165,,97.69721985,92.60430908,95.89556885,,98.74471474125,,,,95.11431122,,92.15315247,
2017,,79.95012667566736,91.70053864,,,99.2702179,,93.37088472898866,89.09375763,87.58867645,100.0,92.46795760230914,93.30567169,98.7050705,,,80.89148203666667,95.55317688,94.36782074,94.87132263,,91.66272391985278,,,88.15238953,,,97.52236938,106.27383276642794,,95.5057373,,113.1421411413787,95.3815507408826,99.12666602225003,87.97619557669637,90.98082733,,100.48947583400684,,,93.50627136,,76.15223694,100.7143636801502,,,95.59879303,93.53469849,95.80565643,119.66433658728016,,92.28501129,91.2352829,93.42622375,91.14244050521476,,64.74802595460811,97.03434592842106,,91.95348358,,216.60152756047103,90.94671631,,56.79122907091341,,,90.97972107,92.36663055,,,,,93.05982971,93.08068705696476,96.49629974,88.1142807,,,,95.59147644,87.67404175,39.52798854279283,86.88423405703574,,,83.798155210655,89.89961243,95.42495728,93.00950557021572,88.17272040712534,95.7437973,,94.72962189,,90.07927704,97.96617126,97.21338654,88.78636169,94.36611938,95.80162048,,,,84.99430084,,,85.09397125,92.95393204625694,88.60275269,108.71454857854272,96.703029635,,,,94.53562927,91.11743927,92.63627625,102.945371997469,96.68970790751708,92.09020996,99.4504312080624,97.02297211,90.00668335,96.70803950307692,,,97.58412933,,87.6871109,83.96641031666667,91.11345673,,,85.00908703924635,79.65773773,89.19724643546618,,89.79294535499285,89.08101654,,,86.63062187067217,97.63021851,,,,87.02388,83.40775680249999,76.50002884412291,,97.12208258886852,,93.918781285,81.92340851,84.72007488768507,93.49336243,96.28701019,,77.64382935,95.15019989,91.70327759,82.507600404,,99.8037262,,,97.04088140912016,94.89569855,96.32672407539488,89.94465855428572,,,94.5111618,93.12822723,,,95.04129028,,94.87869263,80.00248718,77.22690429800001,91.99626414,,183.757712139829,,,95.81482697,89.09079754084522,,85.52269822243628,,,108.42802713838464,98.865813891721,,,90.3429979094971,87.38674927,85.79660415875,81.57315318,,89.94530883326482,92.29521179,,97.49172974,90.77033234,96.81500244,,98.80638123,,,,97.77387238,,92.92821966583816,
2018,,79.72249915594935,93.8843689,,,99.4593811,,93.188385584568,97.4406662,88.65771738666666,100.0,92.53286864433132,92.89285278,98.65656281,,,75.96565755333333,95.736434935,93.40758133,94.55084991,,91.64901525570164,,,90.08608246,,,96.93305206,107.7090990082457,,95.19905853,,116.418937762998,95.70730256903704,99.0181884877292,88.37745013113745,91.31813049,,100.72226281777492,,,88.16384125,,87.3600769,101.07402757116972,,,97.39600372,94.6153183,95.41201782,122.9311814529954,,94.44642639,87.38809967,93.41033173,90.7237421691361,,63.20321932485863,97.16699901421052,,93.30367279,,237.0189066481148,87.85933685,,55.2439814161458,,,91.47479248,92.15415192,,,,,92.48470306,93.63942400125424,,88.18302917,,,,92.38786316,87.63375092,37.41714173796646,87.18692241064377,,,84.20567853289892,86.49234009,93.88787842,92.83047294350987,88.19216580645929,95.12245941,,94.278339385,,88.7930069,97.21938324,98.0438385,89.57888794,89.60382843,95.45102692,,,,84.74738312,,,87.29412842,95.75787918498146,84.53621674,110.58678547592623,96.52876282,,,,93.59964752,90.63117981,81.23300171,104.50812313929184,96.44984418858634,93.36093903,99.6006510509208,97.76426697,88.583072665,98.35401975153846,,,97.87104034,,88.35253906,78.62967427333334,89.64702890592963,,,86.11099428403995,77.1086998,88.09632149494284,,90.17908100013824,89.38160706,,,86.35868029355412,99.17225647,,,,87.22100067,85.661560055,76.7686240213977,,98.4622441366463,,94.01316071,83.17677307,83.8770856330518,91.41780853,95.92218018,,81.394458775,94.79180908,92.44580841,78.057887268,,99.30976105,,,99.11162994050582,96.80256653,97.9056809951469,86.7655846757143,,,94.02046204,91.6729126,,,95.05255127,,94.90090942,74.65514374,74.211491396,93.84146118,,200.4448686808936,,,94.81725311,88.77841265141717,,85.27540423197925,,,112.9339693349824,100.16982220192251,,,90.44254478097125,85.86540985,89.6945571925,81.1621933,,90.79454030032714,93.38916779,,97.68508148,90.62403107,96.34745789,100.0,99.245494845,,,,97.768918995,,93.70980567456512,
2019,,79.49551971885344,86.84481812,,,99.24268341,,93.00624314596428,98.22975922,89.72675832333333,100.0,92.59782525287714,93.13623047,85.90901947,,,71.03983307,95.91969299,92.44734192,94.64888763,,91.63530864175654,,,91.90196228,,,97.03069305,109.16374903562269,,94.0521698,,119.79063621333592,96.03416692107815,98.9098296637024,88.7805347853732,92.63697052,,100.95558905980228,,,94.72548676,,84.95243835,101.4349758680056,,,95.77008057,95.98484039,93.06931305,126.28721141496416,,96.60784149,88.99597168,93.22409821,90.30696728711096,,61.69526984230605,97.2996521,,94.09030914,,259.36087682015045,88.10266876,,53.73888772325484,,,89.54518127,91.5382309,,,,,91.5839386,94.20151488482782,,86.46897125,,,,94.67874908,97.97048187,35.41901694095543,87.49066527362746,,,84.61518370376173,89.31987762,94.27101135,92.65178493406904,88.21161549423475,94.14147949,,93.82705688,,90.16845703,94.85688019,98.36051178,87.18080139,85.68113708,100.0,,,,82.68605042,,,89.87229919,98.64640714114626,84.89057159,112.4912652611822,96.3554336333097,,,,94.33657074,88.76686859,79.43496704,106.09459745665798,96.21057551337744,92.38037872,99.75109780080128,96.20870972,87.15946198,100.0,,,97.93776703,,91.09152222,73.29293823,88.20420254140635,,,87.22718470276725,74.55966187,87.00898481833015,,90.56687714027976,89.23209381,,,86.08759236633223,103.59077134304935,,,,87.58502197,87.9153633075,77.03816224889542,,99.8208982138908,,94.107540135,85.19776917,83.04248436537874,92.98815155,96.51197052,,85.1450882,93.67218018,92.59297773047258,73.608174132,,99.46208191,,,101.22656602890838,96.76856232,99.510519672826,83.58651079714286,,,93.84503937,92.95205688,,,95.81433868,,94.70231628,74.2132150641926,71.196078494,94.3802316836917,,218.64739668682552,,,95.40247345,88.46712309755505,,85.02882530686729,,,117.62716491629004,101.49102996263316,,,90.54220134085344,90.99829865,93.59251022625,80.88672012755404,,91.65178990745709,93.50050354,73.76706696,97.8219986,90.42475891,96.34745789,99.18407694333334,99.68460846,,,,97.76396561,,94.49796532358386,
2020,,79.26918651921133,88.59079742,,,99.06735483666668,,92.824456715974,98.14528656,90.79579926,100.0,92.66282745993358,93.15242004,89.36862946,,,67.371539733327,97.75396729,91.59693909,94.85588074,,91.62160407771093,,,96.57647705,,,96.26844788,110.63804463353762,,95.48531342,,123.2599850172886,96.362147596553,98.8015894202609,89.1854578863874,91.78350067,,101.18945580929734,,,94.907341,,86.80693054,101.79721315743554,,,96.42742157,91.62638855,91.889328,129.73486123263194,,96.95085144,90.79060364,92.13239288,89.89210702300316,,60.22329814168011,97.56703186,,90.9150238,,283.80885464460187,88.00807953,,52.27479952935781,,,88.63752747,91.9781189,,,,,90.52168274,94.76697984043103,,86.7885062565244,,,,95.23078156,98.62207031,33.52759464763616,87.79546631969943,,,85.02668036127827,89.42455292,95.49031067,92.47344087854444,88.23106947139749,92.89019012,,92.86611176,,90.13835907,94.72836304,98.50583267,87.40877703472073,86.855247495,101.13148970734976,,,,81.45478058,,,94.17658234,101.62206728762855,85.19966888,114.42854320796204,96.18241568034996,,,,88.45864868,90.36112213,82.97884369,107.70515507668098,95.97190040573123,97.21630096,99.9017718004468,97.39769745,86.24851757396742,100.0,,,97.9123764,,89.5993576,65.549243925,86.78459778214506,,,88.35784343719823,72.95886054337363,85.93506869127326,,90.95634091602636,88.92144012,,,85.81735540932013,108.20614846748116,,,,87.21750641,90.16916656,77.30864683770949,,101.19829999405228,,94.20191956,86.55557251,82.21618762176904,93.42729187,96.63517761,,89.03665528194531,93.62377167,92.7403813374884,69.158460996,,99.44806671,,,103.3866325894938,97.06256485,101.1416643539484,80.40743691857143,,,94.18115997,92.13980103,,,96.02326965,,94.56768036,73.77390242988905,68.180665592,94.92209542199416,,238.50290801923117,,,95.37156677,88.15692503861212,,84.78295937944624,,,122.51539556892392,102.82966402907732,,91.88948059,90.64196771000684,67.53238678,97.49046326,80.61218194054469,,92.5171333590681,95.32595825,73.88050842,97.7324295,90.00189972,96.18579865,98.36815388666666,99.40876007,,,,97.759012225,,95.292753901431,
2021,,79.04349771710811,87.99329306310142,,,98.89202626333334,,92.6430255987564,95.900177,95.37117004,100.0,92.72787529751008,92.88388292959354,90.44390106,,,63.89266654901584,96.80525208,90.81482697,94.83564681712312,,91.60790156325815,,,98.70912002497712,,,96.31405692155272,112.13225112246936,,95.76873155112276,,126.82981230189692,96.69124840798496,98.69346762763809,89.59222781923394,91.69876683659092,,101.42386431836242,,,95.09438000305744,,89.59209318646009,102.16074404261713,,,97.08711243,95.10804749,91.16752770734924,133.27663213454954,,97.1838587440743,90.56460834106622,92.08384117769856,89.47915258126882,,58.7864458382621,96.66174316,,78.25585938,,310.5613574499713,87.31447587817361,,50.85059966084904,,,88.14593121335031,91.93446302040542,,,,,89.99451030637685,95.33583912166068,,87.1092220637328,,,,96.47648621,101.0707592392554,31.73717680335704,88.10132923537081,,,85.44017819035449,88.62648521220149,95.6961533205608,92.2954401148643,88.2505277388935,92.3195996341286,,92.89790273762785,,90.00518575595491,94.68012500454569,98.65115356,87.6373488301278,88.02935791,102.27578210427797,,,,80.57930821043203,,,90.91368103,104.68748795924272,85.4350266670464,116.39918415260996,96.0097084022626,,,,88.7095520204862,90.41031162998055,88.83856964,109.34016159334524,95.73381739315052,94.40770721,100.05267339311808,97.95960999,85.3470938750621,100.0,,,98.10863580724586,,90.49452209,57.80554962,85.387840887435,,,89.50315802895285,71.3924285368737,84.87440746944668,,91.34747949869364,88.98392735770614,,,85.5479667512432,113.02715883244733,,,,87.11886953591166,99.14900208,77.58008111055872,,102.59470817165096,,94.24822998,81.91580963,81.3981127698057,93.60218876628956,96.91576947116783,,93.10608693216388,93.48988018027454,92.88801960402044,64.70874786,,99.40574646,,,105.59279265822828,97.35656738,102.79954623812732,77.22836304,,,96.23702459152794,92.2716458639852,,,96.47660828,,94.55207380784232,73.33719035116705,65.16525269,95.4670701540466,,260.1615111617623,,,95.46534074876053,87.84781464740837,,84.53780438804071,,,127.60676636295588,104.18595424862689,,93.47065735,90.74184400942777,65.1273610835346,101.93811158970374,80.33857556553126,,93.39064707434775,95.47028878456068,79.46391296,97.80243396780564,89.74059503381247,95.92682648,97.55223083,99.5549086285006,,,,97.75405884,,96.09422716165533,
2022,,78.81845147786736,87.39981859945257,,,98.71669769,,92.46194909983078,97.3757492100304,92.0447464,100.0,92.79296879763854,92.6161199502256,89.16510169650955,,,60.5934324033911,98.80114746,89.80620527281582,94.8154172103902,,91.59420109809172,,,100.88885693211712,,,96.35968757127216,113.64663740614496,,96.0529909198576,,130.50302810176544,97.02147318091832,98.58546415620935,90.00085300721051,91.61411122881576,,101.65881584200037,,,95.28178761394118,,92.46661656620476,102.52557314314647,,,97.31104340346306,91.50950623,90.45139723157288,136.91509363298445,,97.41742604739508,90.33917558795868,92.03531506105402,89.06809520676983,,57.38387502731536,97.51957703,,75.73799128894248,,339.83561528390584,86.62633861112002,,49.4652013809398,,,87.65706141902929,91.89082786134574,,,,,89.47040797448358,95.90811310368991,,87.43112303512282,,,,100.0,103.58024670430925,30.042369637112028,88.40825771999585,,,85.85568692299564,87.8355398443581,95.90243969359452,92.1177819822312,88.26999029766894,91.75251407705694,,92.92970459830268,,89.87220919645203,94.6319115330972,98.91838159657424,87.8665183351406,87.32300715296967,103.43302205189931,,,,79.71324537906943,,,92.7953396150385,107.8453767742904,85.67103461258111,118.40376265884738,95.83731124119294,,,,88.96116702102155,90.45952790704015,88.43822400833807,110.99998815049533,95.49632500679104,94.94593204435635,100.20380292259426,98.2821300588418,84.45509137790964,100.0,,,98.30528860454464,,90.36301017078694,55.0694809,84.01356413174476,,,90.66331845060844,69.85962793871421,83.82683755300474,,91.74030009043592,89.04645850669925,,,85.27942372921218,118.06296420923388,,,,87.0203442132002,103.24046152061683,77.85246840182813,,104.01038501086332,,94.33322705355944,80.10112762,80.58817799928832,93.77741307145206,97.19717606455328,,97.3615124733632,93.35618016895997,93.0358929036355,63.03171158,,99.32006485941125,,,107.8460298212348,97.47152391295644,104.48460359306247,74.39109879995215,,,98.33776633437608,92.40367935759473,,,96.79193115,,94.53646983124187,72.90306343377472,62.50862020392414,96.01517374094844,,283.78694604643664,,,95.55920693067328,87.53978811018331,,84.29335827693671,,,132.90971919075554,105.56013350026667,,,90.8418303602458,62.80798538222636,106.5886677219067,80.06589783984411,,94.27240819400625,95.61483784620032,,97.87248857890086,89.48004899982269,95.93427639656862,,99.7012720513767,,,,98.29677125057415,,96.90244132672868,
